"Season","Team","W","L","SV","G","GS","IP","K/9","BB/9","HR/9","BABIP","LOB%","GB%","HR/FB","EV","ERA","FIP","xFIP","WAR"
"2017","CLE","102","60","37","659","162","1440.2","10.08","2.54","1.02",".303","77.5%","44.1%","13.0%","87.1","3.30","3.33","3.41","30.4"
"2011","PHI","102","60","47","556","162","1477.0","7.92","2.46","0.73",".286","77.5%","46.5%","8.3%","","3.02","3.24","3.41","29.5"
"2018","HOU","103","59","46","672","162","1455.0","10.44","2.69","0.94",".283","77.9%","44.0%","11.6%","87.8","3.11","3.23","3.36","28.6"
"2013","DET","93","69","39","590","162","1462.2","8.79","2.84","0.79",".306","73.7%","45.4%","9.2%","","3.61","3.27","3.43","26.3"
"2019","TBR","96","66","46","765","162","1474.1","9.90","2.77","1.10",".290","73.7%","44.1%","13.4%","87.9","3.67","3.65","3.89","25.1"
"2012","DET","88","74","40","582","162","1430.2","8.29","2.76","0.95",".307","72.7%","43.4%","10.5%","","3.77","3.63","3.74","24.5"
"2018","NYY","100","62","49","670","162","1456.1","10.10","3.05","1.09",".300","73.9%","42.9%","12.9%","87.9","3.78","3.63","3.61","24.4"
"2019","LAD","106","56","44","707","162","1445.2","9.46","2.44","1.15",".271","74.7%","44.9%","14.1%","87.6","3.39","3.73","3.87","24.4"
"2014","WSN","96","66","45","620","162","1470.2","7.88","2.15","0.67",".294","74.9%","44.8%","7.5%","","3.03","3.18","3.43","24.3"
"2008","CHW","89","74","34","626","163","1457.2","7.08","2.84","0.96",".298","71.0%","45.5%","10.0%","","4.11","4.00","4.01","24.1"
"2010","CHW","88","74","43","569","162","1446.1","7.15","3.05","0.85",".305","71.5%","44.9%","8.4%","","4.09","3.80","3.94","24.0"
"2016","WSN","95","67","46","670","162","1459.2","9.10","2.89","0.96",".288","75.0%","43.3%","10.9%","88.1","3.52","3.58","3.82","23.5"
"2019","MIN","101","61","50","686","162","1463.1","9.00","2.78","1.22",".309","71.8%","41.8%","13.4%","88.4","4.18","4.03","4.27","23.5"
"2017","NYY","91","71","36","639","162","1448.2","9.69","3.13","1.19",".280","74.5%","46.2%","14.2%","87.0","3.75","3.88","3.82","23.4"
"2017","BOS","93","69","39","677","162","1482.1","9.59","2.82","1.18",".303","75.7%","41.0%","12.7%","87.5","3.73","3.78","3.91","23.2"
"2011","CHW","79","83","42","572","162","1460.0","7.52","2.71","0.91",".303","71.3%","44.2%","9.4%","","4.10","3.66","3.69","23.2"
"2019","HOU","107","55","47","654","162","1462.1","10.28","2.76","1.42",".270","76.8%","43.6%","16.7%","88.1","3.66","3.98","3.80","23.1"
"2017","WSN","97","65","46","649","162","1446.2","9.06","3.08","1.18",".287","74.4%","44.0%","12.8%","86.8","3.88","3.99","4.12","23.0"
"2008","ARI","82","80","39","606","162","1434.2","7.71","2.83","0.92",".297","70.9%","45.3%","9.9%","","3.99","3.84","3.87","22.9"
"2015","CHC","97","65","48","714","162","1461.1","8.81","2.51","0.83",".287","72.7%","46.6%","10.7%","87.9","3.36","3.30","3.37","22.9"
"2017","ARI","93","69","43","675","162","1441.0","9.26","3.22","1.07",".294","74.2%","48.1%","13.1%","87.9","3.67","3.80","3.86","22.9"
"2007","SDP","89","74","45","648","163","1484.2","6.89","2.87","0.72",".287","71.6%","45.8%","7.4%","","3.72","3.81","4.13","22.7"
"2008","TOR","86","76","44","583","162","1446.2","7.37","2.91","0.83",".284","74.8%","46.6%","9.3%","","3.49","3.81","3.92","22.3"
"2012","TEX","93","69","43","590","162","1442.0","8.03","2.78","1.09",".292","71.5%","43.9%","11.6%","","4.02","3.90","3.86","22.2"
"2015","WSN","83","79","41","630","162","1434.2","8.42","2.28","0.91",".300","72.7%","44.7%","10.3%","87.6","3.62","3.45","3.58","22.2"
"2019","WSN","93","69","40","692","162","1439.1","9.45","3.23","1.26",".296","73.0%","42.6%","13.9%","88.6","4.28","4.14","4.32","22.0"
"2018","CLE","91","71","41","670","162","1457.1","9.54","2.51","1.24",".298","76.0%","42.5%","13.7%","88.3","3.77","3.79","3.66","21.9"
"2017","LAD","104","58","51","698","162","1444.2","9.65","2.75","1.15",".281","77.8%","42.7%","13.4%","86.3","3.38","3.67","3.70","21.7"
"2019","CLE","93","69","42","684","162","1437.2","9.44","2.82","1.30",".291","76.0%","39.7%","13.6%","88.6","3.79","4.06","4.30","21.7"
"2010","COL","83","79","35","675","162","1442.0","7.70","3.28","0.87",".302","70.8%","46.5%","9.6%","","4.14","3.83","3.80","21.6"
"2016","NYM","87","75","55","700","162","1447.0","8.68","2.73","0.95",".308","75.6%","44.2%","11.1%","88.6","3.58","3.57","3.78","21.5"
"2006","LAA","89","73","50","542","162","1452.2","7.21","2.92","0.98",".291","70.1%","42.3%","9.2%","","4.04","4.03","4.28","21.3"
"2013","TEX","91","72","46","638","163","1463.1","8.05","3.06","0.97",".293","75.5%","42.8%","10.7%","","3.63","3.77","3.75","21.2"
"2015","CLE","81","80","38","637","161","1432.2","8.84","2.67","1.01",".288","72.8%","44.5%","11.7%","88.5","3.68","3.62","3.57","21.1"
"2009","COL","92","70","45","646","162","1438.1","7.22","3.30","0.88",".299","71.3%","47.3%","9.9%","","4.24","3.96","3.99","21.0"
"2012","LAD","86","76","40","668","162","1449.2","7.92","3.35","0.76",".283","74.8%","45.5%","8.9%","","3.35","3.64","3.93","20.8"
"2013","LAD","92","70","46","666","162","1450.1","8.02","2.85","0.79",".291","75.4%","47.1%","9.9%","","3.25","3.45","3.52","20.6"
"2008","CHC","97","64","44","639","161","1450.2","7.84","3.40","0.99",".281","74.0%","41.6%","9.8%","","3.87","4.09","4.14","20.6"
"2006","MIN","96","66","40","583","162","1439.1","7.28","2.23","1.14",".302","73.7%","43.7%","11.3%","","3.95","3.99","3.93","20.6"
"2015","STL","100","62","62","677","162","1464.2","8.17","2.93","0.76",".297","79.4%","48.0%","9.4%","87.9","2.94","3.48","3.71","20.6"
"2014","CHC","73","89","37","699","162","1463.1","8.06","3.10","0.71",".304","69.6%","44.0%","8.0%","","3.92","3.51","3.70","20.5"
"2007","CLE","96","66","49","557","162","1462.2","6.44","2.52","0.90",".302","71.9%","45.3%","8.7%","","4.05","4.06","4.21","20.5"
"2012","TBR","90","72","50","634","162","1459.2","8.53","2.89","0.86",".277","75.5%","47.9%","10.7%","","3.19","3.51","3.59","20.4"
"2019","NYM","86","76","38","664","162","1461.0","9.36","3.08","1.26",".304","73.1%","43.4%","13.9%","87.6","4.25","4.10","4.29","20.4"
"2014","CLE","85","77","40","735","162","1468.1","8.89","2.84","0.83",".309","73.2%","46.7%","10.0%","","3.57","3.42","3.36","20.3"
"2009","CHW","79","83","36","577","162","1439.2","7.00","3.17","1.06",".294","71.7%","44.3%","10.3%","","4.16","4.21","4.19","20.2"
"2007","LAA","94","68","43","558","162","1435.0","7.25","2.99","0.95",".307","71.1%","42.2%","8.6%","","4.23","4.10","4.26","20.0"
"2016","LAD","91","71","47","768","162","1453.0","9.35","2.87","1.02",".288","73.8%","42.8%","11.7%","87.3","3.70","3.61","3.75","20.0"
"2008","LAD","84","78","35","623","162","1447.1","7.49","2.98","0.76",".295","72.6%","49.6%","9.3%","","3.68","3.67","3.77","20.0"
"2011","LAD","82","79","40","622","161","1432.0","7.95","3.19","0.83",".285","74.1%","42.8%","8.8%","","3.56","3.61","3.72","20.0"
"2007","LAD","82","80","43","645","162","1450.0","7.35","3.22","0.91",".301","70.9%","45.5%","9.6%","","4.20","4.07","4.07","20.0"
"2012","PHI","81","81","42","602","162","1451.1","8.59","2.54","1.10",".298","72.9%","43.5%","12.1%","","3.86","3.72","3.61","19.8"
"2006","LAD","88","74","40","616","162","1460.1","6.58","3.03","0.94",".302","70.8%","47.8%","9.7%","","4.23","4.13","4.29","19.7"
"2015","LAD","92","70","47","677","162","1445.2","8.69","2.46","0.90",".296","74.7%","50.1%","12.1%","87.4","3.46","3.41","3.33","19.7"
"2009","SFG","88","74","41","619","162","1446.0","8.10","3.63","0.87",".279","75.5%","43.0%","9.1%","","3.55","3.85","3.99","19.7"
"2014","DET","90","72","41","635","162","1454.0","7.70","2.86","0.79",".312","70.7%","44.2%","8.3%","","4.01","3.60","3.76","19.7"
"2009","ATL","86","76","38","650","162","1462.2","7.58","3.26","0.73",".299","73.8%","46.4%","8.1%","","3.57","3.66","3.91","19.7"
"2018","PHI","80","82","44","758","162","1445.2","9.12","3.11","1.06",".303","71.0%","45.4%","12.4%","88.0","4.15","3.83","3.87","19.6"
"2014","LAD","94","68","47","658","162","1464.2","8.44","2.64","0.87",".292","74.0%","47.8%","10.8%","","3.40","3.48","3.33","19.5"
"2012","OAK","94","68","47","624","162","1470.0","6.96","2.83","0.90",".279","75.4%","41.7%","9.1%","","3.50","3.89","4.20","19.5"
"2015","PIT","98","64","54","662","162","1489.2","8.08","2.74","0.66",".302","75.0%","50.4%","9.4%","87.9","3.23","3.36","3.56","19.5"
"2008","COL","74","88","36","647","162","1446.0","6.48","3.50","0.92",".309","68.5%","46.8%","10.0%","","4.77","4.30","4.32","19.5"
"2012","WSN","98","64","51","644","162","1468.1","8.12","3.05","0.79",".282","75.1%","46.3%","9.2%","","3.34","3.54","3.80","19.5"
"2010","TEX","90","72","46","643","162","1455.1","7.30","3.41","1.00",".280","73.6%","41.5%","9.3%","","3.93","4.17","4.19","19.3"
"2009","NYY","103","59","51","623","162","1450.0","7.82","3.56","1.12",".290","71.9%","42.3%","11.1%","","4.28","4.32","4.17","19.3"
"2006","CHW","90","72","46","560","162","1449.0","6.29","2.69","1.24",".295","70.5%","42.9%","11.2%","","4.61","4.56","4.50","19.2"
"2011","TEX","96","66","38","579","162","1441.1","7.36","2.88","1.06",".278","72.5%","42.6%","10.7%","","3.79","3.98","3.83","19.2"
"2006","HOU","82","80","42","659","162","1468.2","7.11","2.94","1.12",".286","72.8%","45.2%","11.6%","","4.09","4.27","4.16","19.2"
"2008","TBR","97","65","52","610","162","1457.2","7.06","3.25","1.02",".277","74.0%","40.8%","9.3%","","3.82","4.22","4.35","19.2"
"2019","CIN","75","87","46","697","162","1438.0","9.71","3.35","1.34",".286","73.7%","44.3%","16.4%","88.2","4.18","4.23","4.10","19.1"
"2017","HOU","101","61","45","681","162","1446.0","9.91","3.25","1.20",".300","73.7%","47.3%","14.9%","86.8","4.12","3.91","3.77","19.0"
"2006","ARI","76","86","34","623","162","1459.2","6.87","3.30","1.04",".299","70.4%","46.8%","11.1%","","4.49","4.34","4.30","19.0"
"2015","NYM","90","72","50","647","162","1462.2","8.23","2.36","0.94",".288","74.3%","46.3%","10.8%","87.7","3.45","3.53","3.60","19.0"
"2018","LAD","92","71","48","756","163","1476.0","9.54","2.57","1.09",".284","76.2%","44.9%","13.4%","87.6","3.40","3.60","3.52","18.9"
"2015","HOU","86","76","39","644","162","1441.0","7.99","2.64","0.92",".285","73.8%","47.3%","10.9%","87.2","3.57","3.66","3.71","18.9"
"2016","CHC","103","58","38","665","162","1459.2","8.88","3.05","1.01",".255","77.5%","46.9%","13.1%","88.3","3.15","3.77","3.74","18.8"
"2007","MIL","83","79","49","654","162","1444.1","7.32","3.16","1.00",".308","70.2%","41.5%","9.2%","","4.44","4.22","4.29","18.8"
"2016","BOS","93","69","43","625","162","1439.2","8.51","3.06","1.10",".293","72.9%","41.5%","11.4%","88.1","4.00","4.00","4.20","18.8"
"2012","CIN","97","65","56","587","162","1453.0","7.73","2.64","0.94",".288","76.9%","45.9%","10.7%","","3.34","3.72","3.80","18.7"
"2016","NYY","84","78","48","645","162","1428.1","8.78","2.80","1.35",".292","74.2%","46.9%","15.5%","88.5","4.16","4.20","3.86","18.7"
"2017","COL","87","75","47","711","162","1437.2","7.95","3.33","1.19",".305","72.2%","48.5%","14.2%","86.9","4.51","4.32","4.26","18.6"
"2009","LAD","95","67","44","688","162","1473.1","7.77","3.57","0.78",".275","74.9%","43.7%","8.1%","","3.41","3.80","4.07","18.6"
"2014","ATL","79","83","54","634","162","1455.0","8.05","2.92","0.75",".300","75.0%","42.7%","8.3%","","3.38","3.47","3.63","18.6"
"2019","OAK","97","65","45","709","162","1465.0","7.98","2.93","1.23",".278","75.1%","41.5%","12.6%","88.4","3.97","4.34","4.72","18.5"
"2006","DET","95","67","46","552","162","1448.0","6.23","3.04","0.99",".284","74.1%","45.5%","10.0%","","3.85","4.32","4.43","18.5"
"2018","BOS","108","54","46","697","162","1458.2","9.61","3.16","1.09",".294","75.8%","42.4%","11.9%","88.5","3.75","3.82","3.92","18.5"
"2009","CHC","83","78","40","641","161","1445.1","7.92","3.65","1.00",".285","74.4%","42.8%","10.0%","","3.84","4.11","4.14","18.5"
"2016","DET","86","75","47","637","161","1428.0","7.76","2.91","1.15",".300","72.2%","44.5%","11.7%","88.4","4.24","4.16","4.31","18.5"
"2009","BOS","95","67","41","625","162","1436.2","7.71","3.32","1.05",".309","73.0%","40.9%","9.4%","","4.35","4.14","4.25","18.5"
"2015","NYY","87","75","48","659","162","1457.2","8.46","2.93","1.12",".300","73.8%","47.0%","13.6%","88.2","4.03","3.97","3.70","18.4"
"2010","SFG","92","70","57","638","162","1461.0","8.20","3.56","0.83",".282","77.0%","42.0%","8.0%","","3.36","3.74","3.94","18.4"
"2007","BOS","96","66","45","613","162","1438.2","7.19","3.02","0.94",".284","73.5%","42.6%","8.7%","","3.87","4.14","4.28","18.4"
"2008","BOS","95","67","47","628","162","1446.1","7.37","3.41","0.91",".289","72.6%","43.5%","9.2%","","4.01","4.09","4.23","18.4"
"2019","NYY","103","59","50","707","162","1443.0","9.57","3.16","1.55",".296","75.2%","42.4%","16.8%","88.7","4.31","4.47","4.27","18.4"
"2016","CLE","94","67","37","665","161","1445.0","8.71","2.87","1.16",".289","73.4%","46.7%","13.7%","88.6","3.86","3.91","3.80","18.2"
"2013","NYM","74","88","40","697","162","1476.2","7.37","2.79","0.93",".295","72.9%","44.5%","10.0%","","3.78","3.79","3.86","18.1"
"2013","CIN","90","72","43","623","162","1473.2","7.91","2.66","1.04",".273","77.5%","44.1%","11.5%","","3.38","3.81","3.68","18.0"
"2009","OAK","75","87","38","650","162","1447.1","6.99","3.25","0.97",".302","70.3%","44.1%","9.2%","","4.29","4.10","4.24","18.0"
"2010","DET","81","81","32","578","162","1444.1","6.58","3.35","0.88",".296","70.6%","43.8%","8.3%","","4.29","4.14","4.31","18.0"
"2011","OAK","74","88","39","622","162","1447.2","7.21","3.23","0.85",".289","72.1%","44.1%","8.5%","","3.71","3.80","3.98","18.0"
"2013","ATL","96","66","53","628","162","1450.1","7.65","2.54","0.79",".288","77.0%","45.8%","9.4%","","3.18","3.44","3.58","17.9"
"2018","NYM","77","85","41","663","162","1460.2","8.91","2.98","1.14",".295","73.0%","42.1%","12.2%","87.7","4.07","3.97","4.03","17.8"
"2007","CHC","85","77","39","640","162","1446.2","7.53","3.56","1.03",".281","73.6%","41.3%","9.6%","","4.04","4.36","4.36","17.7"
"2011","CLE","80","82","38","645","162","1453.1","6.34","2.87","0.95",".293","69.5%","45.4%","9.5%","","4.24","4.06","4.09","17.7"
"2012","SEA","75","87","43","613","162","1456.2","7.20","2.77","1.03",".282","74.2%","42.9%","10.6%","","3.76","4.00","4.09","17.6"
"2016","HOU","84","78","44","662","162","1468.0","8.56","2.78","1.11",".306","73.4%","45.2%","12.6%","88.1","4.06","3.85","3.87","17.6"
"2009","STL","91","71","43","643","162","1440.2","6.55","2.87","0.77",".292","73.2%","49.8%","8.7%","","3.66","3.82","4.00","17.5"
"2014","NYY","84","78","48","637","162","1453.0","8.49","2.47","1.02",".298","73.3%","43.7%","11.3%","","3.75","3.67","3.43","17.5"
"2007","TOR","83","79","44","582","162","1448.2","6.63","2.98","0.98",".282","71.8%","48.7%","10.6%","","4.00","4.28","4.15","17.5"
"2009","SEA","85","77","49","572","162","1452.2","6.46","3.31","1.07",".272","73.4%","41.2%","9.7%","","3.87","4.39","4.46","17.5"
"2013","KCR","86","76","52","589","162","1448.1","7.51","2.91","0.96",".290","76.9%","41.8%","10.0%","","3.45","3.83","3.90","17.5"
"2008","LAA","100","62","66","545","162","1451.1","6.86","2.83","0.99",".296","73.0%","44.3%","9.8%","","4.00","4.12","4.17","17.5"
"2015","CHW","76","86","37","576","162","1452.2","8.42","2.94","1.00",".311","72.9%","45.2%","11.4%","87.6","3.98","3.82","3.81","17.4"
"2014","OAK","88","74","31","603","162","1463.1","7.65","2.50","0.90",".272","75.9%","45.6%","10.0%","","3.22","3.67","3.60","17.4"
"2011","SEA","67","95","39","513","162","1433.0","6.83","2.74","0.91",".285","71.4%","43.8%","9.1%","","3.91","3.84","3.92","17.4"
"2018","TBR","90","72","52","715","162","1448.1","8.83","3.11","1.02",".278","73.3%","43.9%","11.5%","88.3","3.75","3.82","3.98","17.4"
"2011","NYY","97","65","47","627","162","1458.1","7.54","3.13","0.94",".297","75.0%","44.2%","9.9%","","3.73","3.87","3.84","17.3"
"2011","SFG","86","76","52","642","162","1468.0","8.07","3.43","0.59",".283","74.4%","46.4%","6.9%","","3.21","3.33","3.66","17.3"
"2006","COL","76","86","34","661","162","1447.1","5.92","3.44","0.96",".304","69.5%","45.7%","9.6%","","4.66","4.51","4.68","17.3"
"2013","STL","97","65","44","645","162","1459.2","7.73","2.78","0.69",".297","74.5%","48.5%","8.5%","","3.43","3.39","3.63","17.3"
"2010","MIN","94","68","40","627","162","1452.2","6.49","2.37","0.96",".299","73.4%","44.7%","9.2%","","3.95","3.91","3.93","17.3"
"2006","NYY","97","65","43","651","162","1443.2","6.35","3.09","1.06",".289","70.3%","43.3%","9.6%","","4.43","4.42","4.61","17.3"
"2013","WSN","86","76","47","602","162","1445.2","7.69","2.52","0.88",".291","73.6%","45.0%","9.8%","","3.59","3.55","3.64","17.3"
"2007","CHW","72","90","42","625","162","1440.2","6.34","3.12","1.09",".304","68.2%","42.9%","9.8%","","4.77","4.56","4.54","17.2"
"2014","KCR","89","73","53","613","162","1450.2","7.25","2.73","0.79",".292","73.9%","43.1%","8.2%","","3.51","3.69","3.88","17.2"
"2006","OAK","93","69","54","606","162","1451.2","6.22","3.28","1.00",".301","73.4%","42.6%","9.2%","","4.22","4.42","4.67","17.2"
"2016","CHW","78","84","43","643","162","1446.2","7.90","3.24","1.15",".298","74.0%","43.1%","12.0%","88.4","4.12","4.27","4.38","17.1"
"2017","MIL","86","76","54","712","162","1445.2","8.38","3.44","1.15",".298","74.8%","45.7%","13.5%","86.2","4.00","4.24","4.26","17.1"
"2007","OAK","76","86","36","608","162","1448.0","6.44","3.29","0.86",".296","69.4%","44.8%","8.3%","","4.30","4.23","4.44","17.0"
"2012","NYY","95","67","51","647","162","1445.1","8.21","2.68","1.18",".296","75.1%","44.9%","13.0%","","3.85","3.98","3.75","17.0"
"2018","COL","91","72","51","681","163","1452.1","8.73","3.25","1.14",".299","71.3%","45.2%","13.5%","88.5","4.33","4.06","3.96","17.0"
"2009","DET","86","77","42","602","163","1447.0","6.85","3.69","1.13",".293","73.2%","42.7%","10.6%","","4.34","4.53","4.45","17.0"
"2008","NYY","89","73","42","637","162","1441.2","7.12","3.05","0.89",".307","71.0%","45.7%","9.3%","","4.28","3.96","4.08","16.9"
"2010","LAD","80","82","41","637","162","1441.2","7.95","3.36","0.84",".287","70.9%","44.6%","8.6%","","4.01","3.76","3.87","16.8"
"2016","TOR","89","73","43","649","162","1459.1","8.10","2.84","1.13",".282","74.4%","46.6%","13.0%","89.0","3.79","4.04","4.02","16.8"
"2017","CHC","92","70","38","693","162","1447.1","8.95","3.44","1.21",".285","74.2%","46.2%","14.5%","86.7","3.95","4.20","4.10","16.8"
"2011","TBR","91","71","32","600","162","1449.0","7.10","3.13","1.00",".265","75.5%","42.1%","9.8%","","3.58","4.03","4.01","16.8"
"2013","PIT","94","68","55","627","162","1470.2","7.72","3.15","0.62",".285","75.0%","52.5%","8.9%","","3.27","3.42","3.58","16.8"
"2013","CLE","92","70","38","702","162","1441.1","8.61","3.46","0.92",".302","74.2%","44.5%","10.7%","","3.82","3.73","3.71","16.8"
"2011","MIL","96","66","47","596","162","1441.2","7.85","2.75","0.92",".288","73.2%","44.7%","9.7%","","3.64","3.59","3.58","16.8"
"2014","MIA","77","85","42","649","162","1457.2","7.35","2.83","0.70",".310","71.9%","46.9%","8.0%","","3.79","3.56","3.75","16.7"
"2008","KCR","75","87","44","601","162","1445.2","6.75","3.21","0.99",".298","69.1%","41.9%","9.2%","","4.50","4.21","4.36","16.7"
"2011","DET","95","67","52","583","162","1440.0","6.97","3.08","0.93",".292","71.1%","44.5%","9.3%","","4.04","3.96","4.00","16.7"
"2019","BOS","84","78","33","794","162","1471.0","9.99","3.70","1.32",".312","70.8%","42.6%","14.4%","88.6","4.70","4.28","4.39","16.7"
"2010","PHI","97","65","40","613","162","1456.1","7.31","2.57","1.04",".289","75.3%","46.5%","10.6%","","3.68","3.93","3.75","16.6"
"2013","OAK","96","66","46","609","162","1452.0","7.33","2.65","1.01",".276","74.8%","39.5%","9.2%","","3.56","3.83","4.05","16.6"
"2014","PHI","73","89","40","623","162","1468.1","7.69","3.19","0.82",".295","72.2%","46.4%","9.4%","","3.81","3.81","3.83","16.6"
"2017","PIT","75","87","36","664","162","1440.2","7.88","3.19","1.14",".306","73.2%","45.2%","12.9%","87.1","4.23","4.23","4.33","16.6"
"2017","TOR","76","86","45","740","162","1465.0","8.43","3.37","1.25",".303","71.8%","45.4%","13.3%","87.1","4.42","4.31","4.36","16.6"
"2016","STL","86","76","38","643","162","1448.1","8.02","2.95","0.99",".304","71.8%","49.5%","12.8%","87.6","4.08","3.88","3.88","16.6"
"2007","COL","90","73","39","692","163","1472.0","5.91","3.08","1.00",".290","71.1%","46.5%","9.9%","","4.32","4.52","4.48","16.5"
"2018","SEA","89","73","60","699","162","1448.2","8.25","2.49","1.21",".295","72.5%","42.5%","12.7%","88.8","4.13","4.05","4.06","16.4"
"2006","CLE","78","84","24","539","162","1423.1","5.99","2.71","1.05",".308","70.0%","44.7%","10.0%","","4.43","4.34","4.47","16.4"
"2006","SDP","88","74","50","637","162","1463.2","6.75","2.88","1.08",".276","73.9%","41.5%","10.1%","","3.88","4.27","4.39","16.4"
"2013","COL","74","88","35","665","162","1436.0","6.67","3.24","0.85",".314","70.2%","47.4%","10.0%","","4.44","3.96","4.02","16.4"
"2010","NYY","95","67","39","592","162","1442.1","7.20","3.37","1.12",".281","74.0%","43.9%","10.7%","","4.06","4.34","4.15","16.4"
"2018","WSN","82","80","40","724","162","1446.0","8.82","3.03","1.23",".287","74.8%","41.2%","12.8%","87.9","4.04","4.15","4.13","16.4"
"2010","SDP","90","72","49","661","162","1456.1","8.00","3.20","0.86",".286","76.7%","46.0%","9.3%","","3.41","3.66","3.67","16.3"
"2010","TBR","96","66","51","653","162","1453.2","7.36","2.96","1.08",".278","75.2%","41.3%","9.9%","","3.78","4.09","4.00","16.3"
"2012","STL","88","74","42","668","162","1462.2","7.49","2.68","0.82",".298","73.2%","48.5%","10.4%","","3.71","3.62","3.72","16.2"
"2006","MIL","75","87","43","589","162","1425.2","7.23","3.24","1.12",".297","67.4%","42.1%","10.8%","","4.83","4.39","4.40","16.2"
"2006","NYM","97","65","43","636","162","1461.1","7.15","3.25","1.11",".284","72.5%","43.3%","11.0%","","4.16","4.37","4.34","16.2"
"2012","CHW","85","77","37","628","162","1445.2","7.76","3.13","1.16",".288","75.2%","42.7%","12.1%","","4.02","4.23","4.12","16.2"
"2010","FLA","80","82","39","643","162","1438.1","7.31","3.44","0.84",".301","71.3%","43.6%","8.1%","","4.09","3.92","4.11","16.1"
"2007","SFG","71","91","37","658","162","1453.2","6.54","3.67","0.82",".293","71.8%","43.0%","7.7%","","4.20","4.30","4.59","16.0"
"2012","BAL","93","69","55","654","162","1483.0","7.14","2.92","1.12",".285","73.8%","44.7%","11.7%","","3.90","4.20","4.14","16.0"
"2007","ARI","90","72","51","631","162","1441.0","6.80","3.41","1.06",".293","72.7%","43.9%","10.3%","","4.13","4.52","4.42","16.0"
"2015","MIN","83","79","45","682","162","1443.0","6.52","2.58","1.02",".300","72.8%","44.0%","10.4%","88.7","4.07","4.10","4.23","16.0"
"2019","CHC","84","78","38","738","162","1442.0","9.01","3.33","1.22",".300","74.1%","45.9%","15.0%","88.7","4.10","4.25","4.29","16.0"
"2014","STL","90","72","55","647","162","1448.2","7.59","2.92","0.76",".286","74.4%","45.4%","8.6%","","3.50","3.65","3.77","15.9"
"2006","TEX","80","82","42","651","162","1431.1","6.11","3.12","1.02",".307","70.6%","46.4%","10.4%","","4.61","4.44","4.50","15.8"
"2019","STL","91","71","52","704","162","1444.0","8.72","3.40","1.19",".283","75.8%","44.9%","14.5%","88.2","3.82","4.27","4.36","15.8"
"2013","BOS","97","65","33","612","162","1454.0","8.01","3.24","0.97",".294","74.5%","42.9%","10.2%","","3.79","3.84","3.89","15.8"
"2015","BAL","81","81","43","615","162","1434.2","7.73","3.03","1.09",".298","73.6%","45.2%","12.0%","88.5","4.05","4.11","4.04","15.8"
"2016","BAL","89","73","54","605","162","1432.0","7.84","3.43","1.15",".299","73.7%","44.8%","12.6%","88.4","4.22","4.31","4.34","15.7"
"2013","SEA","71","91","43","610","162","1465.0","7.97","2.94","1.07",".303","70.7%","45.3%","11.8%","","4.32","3.89","3.72","15.7"
"2010","SEA","61","101","38","520","162","1438.0","6.09","2.83","0.98",".279","71.4%","43.4%","9.0%","","3.95","4.17","4.23","15.7"
"2017","STL","83","79","43","708","162","1450.1","8.38","3.06","1.14",".298","73.6%","46.3%","13.5%","86.8","4.01","4.09","4.12","15.7"
"2010","BOS","89","73","44","605","162","1456.2","7.46","3.58","0.94",".292","70.8%","43.6%","9.0%","","4.19","4.08","4.13","15.7"
"2009","TOR","75","87","25","607","162","1451.0","7.33","3.42","1.12",".308","72.2%","45.0%","11.6%","","4.47","4.35","4.13","15.6"
"2010","ATL","91","71","41","652","162","1439.1","7.76","3.16","0.79",".290","73.4%","49.9%","9.3%","","3.57","3.65","3.65","15.6"
"2016","MIA","79","82","55","720","161","1435.0","8.65","3.73","0.95",".303","74.0%","43.0%","10.9%","88.4","4.05","3.97","4.21","15.5"
"2019","SDP","70","92","47","705","162","1432.0","9.27","2.91","1.35",".299","70.0%","43.0%","14.8%","88.5","4.63","4.22","4.29","15.5"
"2010","HOU","76","86","45","669","162","1439.1","7.57","3.43","0.88",".305","71.0%","44.3%","8.8%","","4.09","3.89","3.97","15.5"
"2006","TOR","87","75","42","644","162","1428.1","6.78","3.18","1.17",".292","71.7%","46.3%","12.3%","","4.37","4.51","4.30","15.4"
"2011","FLA","72","90","40","670","162","1459.2","7.51","3.08","0.92",".292","71.5%","44.6%","9.6%","","3.95","3.79","3.80","15.3"
"2010","TOR","85","77","45","617","162","1440.2","7.40","3.37","0.94",".297","71.2%","45.7%","9.5%","","4.23","4.04","4.03","15.3"
"2012","ARI","81","81","39","623","162","1433.2","7.53","2.62","0.97",".301","72.0%","46.1%","11.0%","","3.94","3.81","3.84","15.3"
"2013","CHW","63","99","40","632","162","1455.0","7.73","3.15","1.13",".295","73.1%","43.3%","11.5%","","4.00","4.13","3.98","15.3"
"2011","SDP","71","91","44","651","162","1449.1","7.07","3.24","0.78",".283","74.5%","44.0%","8.2%","","3.43","3.73","3.93","15.1"
"2012","KCR","72","90","44","662","162","1451.1","7.30","3.36","1.01",".311","72.4%","43.2%","10.5%","","4.30","4.18","4.29","15.1"
"2008","FLA","84","77","36","672","161","1435.1","7.07","3.67","1.01",".290","70.6%","41.7%","9.8%","","4.44","4.37","4.42","15.1"
"2017","TBR","80","82","53","673","162","1445.0","8.42","3.13","1.20",".283","73.0%","43.0%","12.8%","87.7","3.99","4.17","4.29","15.0"
"2011","LAA","86","76","39","548","162","1465.0","6.50","2.92","0.87",".282","74.5%","44.9%","8.8%","","3.57","3.89","4.01","15.0"
"2007","CIN","72","90","34","684","162","1449.2","6.63","2.99","1.23",".310","69.4%","40.0%","10.7%","","4.95","4.69","4.52","15.0"
"2018","ATL","90","72","40","715","162","1456.2","8.79","3.92","0.95",".278","74.1%","43.3%","11.2%","88.2","3.75","3.99","4.17","14.9"
"2009","TEX","87","75","45","598","162","1434.2","6.37","3.33","1.07",".288","72.1%","42.5%","10.0%","","4.38","4.49","4.50","14.9"
"2018","PIT","82","79","40","641","161","1434.0","8.38","3.12","1.09",".296","73.6%","43.4%","12.1%","88.8","4.00","4.06","4.14","14.9"
"2009","KCR","65","97","34","588","162","1426.0","7.28","3.79","1.05",".307","68.0%","43.8%","10.0%","","4.83","4.36","4.38","14.9"
"2008","PHI","92","70","47","630","162","1449.2","6.71","3.31","0.99",".292","74.8%","44.8%","10.8%","","3.89","4.30","4.21","14.9"
"2013","NYY","85","77","49","590","162","1447.1","7.67","2.72","1.06",".302","74.6%","44.0%","11.5%","","3.94","3.89","3.76","14.8"
"2008","SFG","72","90","41","640","162","1442.0","7.74","4.07","0.92",".300","71.4%","39.2%","8.8%","","4.38","4.24","4.44","14.8"
"2006","CIN","80","82","36","638","162","1445.2","6.56","2.89","1.33",".301","72.1%","41.5%","12.2%","","4.53","4.69","4.47","14.7"
"2015","TBR","80","82","60","692","162","1453.1","8.39","2.95","1.08",".284","75.1%","41.8%","11.2%","88.9","3.74","3.91","3.94","14.7"
"2007","NYM","88","74","39","661","162","1452.1","7.03","3.53","1.02",".287","71.4%","40.8%","9.2%","","4.27","4.46","4.52","14.6"
"2008","MIL","90","72","45","607","162","1455.2","6.86","3.26","1.08",".285","74.5%","45.4%","11.7%","","3.87","4.34","4.14","14.6"
"2008","OAK","75","86","33","602","161","1435.0","6.65","3.61","0.85",".287","72.2%","41.2%","8.0%","","4.01","4.19","4.53","14.6"
"2013","MIA","62","100","36","633","162","1460.0","7.26","3.24","0.75",".292","73.2%","45.3%","8.4%","","3.71","3.69","3.96","14.6"
"2014","LAA","98","64","46","705","162","1482.2","8.15","3.06","0.76",".285","73.3%","41.7%","8.0%","","3.58","3.57","3.78","14.5"
"2013","TBR","92","71","42","648","163","1464.0","8.05","2.96","0.94",".284","73.6%","44.6%","10.6%","","3.74","3.71","3.71","14.5"
"2016","SEA","86","76","49","638","162","1457.0","8.14","2.84","1.32",".292","74.9%","43.4%","13.8%","88.8","4.00","4.30","4.17","14.5"
"2018","MIL","96","67","49","722","163","1461.0","8.80","3.41","1.07",".279","74.4%","43.2%","12.5%","88.1","3.73","4.01","4.04","14.4"
"2018","STL","88","74","43","727","162","1455.1","8.27","3.67","0.89",".293","73.0%","44.6%","10.5%","87.6","3.85","3.97","4.24","14.4"
"2012","NYM","74","88","36","667","162","1434.0","7.78","3.06","1.01",".290","71.1%","42.6%","10.5%","","4.09","3.93","4.04","14.3"
"2017","PHI","66","96","33","668","162","1441.0","8.18","3.29","1.38",".304","73.0%","42.9%","14.1%","87.1","4.57","4.56","4.50","14.3"
"2012","MIL","83","79","44","674","162","1453.2","8.68","3.25","1.05",".313","72.1%","43.8%","12.1%","","4.22","3.82","3.73","14.3"
"2014","MIN","70","92","38","653","162","1435.0","6.47","2.56","0.92",".315","68.9%","41.8%","8.6%","","4.58","3.97","4.12","14.3"
"2011","BOS","90","72","36","606","162","1457.1","7.49","3.33","0.96",".285","70.8%","42.3%","9.1%","","4.20","4.05","4.13","14.3"
"2011","ATL","89","73","52","672","162","1479.2","8.10","3.17","0.76",".288","75.2%","47.5%","9.2%","","3.49","3.49","3.54","14.2"
"2014","TOR","83","79","45","611","162","1443.0","7.48","3.06","0.94",".294","72.7%","42.9%","9.4%","","4.00","3.97","3.99","14.2"
"2016","SFG","87","75","43","737","162","1460.1","8.07","2.71","0.97",".287","74.3%","45.3%","10.8%","88.4","3.69","3.76","4.01","14.2"
"2019","TEX","78","84","33","661","162","1438.0","8.63","3.65","1.51",".312","70.5%","41.8%","15.4%","88.8","5.09","4.84","4.82","14.2"
"2019","ARI","85","77","45","719","162","1465.0","8.77","3.17","1.35",".295","74.0%","43.1%","15.2%","89.0","4.25","4.40","4.42","14.2"
"2007","SEA","88","74","43","618","162","1434.1","6.40","3.43","0.92",".315","69.3%","43.6%","8.4%","","4.77","4.42","4.62","14.2"
"2006","PHI","85","77","42","662","162","1460.1","7.01","3.16","1.30",".304","71.9%","43.7%","13.0%","","4.61","4.65","4.33","14.2"
"2009","FLA","87","75","45","692","162","1446.1","7.77","3.74","1.00",".298","70.7%","43.3%","9.9%","","4.32","4.15","4.18","14.1"
"2014","TBR","77","85","37","656","162","1463.2","8.84","2.96","0.89",".286","74.1%","40.8%","9.1%","","3.56","3.56","3.62","14.1"
"2018","CHC","95","68","46","763","163","1476.1","8.13","3.79","0.96",".284","76.2%","45.0%","11.5%","88.2","3.65","4.14","4.29","14.1"
"2010","NYM","79","83","36","653","162","1453.0","6.85","3.38","0.84",".296","74.9%","44.8%","8.4%","","3.73","4.00","4.14","14.1"
"2018","SFG","73","89","36","711","162","1461.1","7.82","3.23","0.96",".293","72.3%","44.5%","11.0%","88.6","3.95","3.98","4.20","14.1"
"2016","PHI","71","91","43","667","162","1437.0","8.14","2.92","1.33",".304","70.5%","41.0%","13.8%","88.6","4.64","4.34","4.21","13.9"
"2015","KCR","95","67","56","655","162","1452.0","7.19","3.03","0.96",".286","75.0%","42.8%","9.9%","88.1","3.74","4.04","4.25","13.8"
"2010","CHC","75","87","40","644","162","1436.2","7.94","3.79","0.96",".298","70.4%","43.3%","9.5%","","4.24","4.11","4.08","13.8"
"2012","PIT","79","83","45","645","162","1433.1","7.48","3.08","0.96",".286","72.6%","46.6%","11.0%","","3.91","3.94","3.97","13.7"
"2009","LAA","97","65","51","596","162","1445.0","6.61","3.26","1.12",".301","72.4%","41.7%","10.1%","","4.45","4.45","4.46","13.7"
"2013","PHI","73","89","32","628","162","1436.1","7.51","3.17","0.95",".306","70.5%","44.5%","10.1%","","4.34","3.94","4.00","13.7"
"2007","MIN","79","83","38","600","162","1436.2","6.85","2.63","1.16",".301","72.9%","42.9%","10.6%","","4.18","4.37","4.22","13.7"
"2015","TOR","93","69","34","631","162","1441.0","6.98","2.48","1.08",".278","72.7%","43.7%","11.0%","88.1","3.81","4.09","4.14","13.7"
"2017","KCR","80","82","39","700","162","1437.2","7.61","3.25","1.23",".303","70.9%","43.7%","12.0%","87.5","4.63","4.43","4.68","13.7"
"2010","OAK","81","81","38","585","162","1431.2","6.73","3.22","0.96",".274","75.1%","46.1%","9.7%","","3.58","4.13","4.08","13.7"
"2016","OAK","69","93","42","654","162","1433.1","7.46","2.91","1.16",".299","70.7%","46.2%","12.5%","88.9","4.51","4.24","4.28","13.7"
"2011","COL","73","89","41","679","162","1447.2","6.95","3.25","1.09",".298","70.6%","46.1%","11.6%","","4.44","4.24","3.98","13.6"
"2014","SEA","87","75","51","659","162","1452.0","8.16","2.87","0.85",".275","76.8%","45.4%","9.9%","","3.17","3.61","3.57","13.6"
"2010","LAA","80","82","39","572","162","1449.1","7.02","3.51","0.92",".292","72.9%","42.6%","8.5%","","4.04","4.11","4.24","13.5"
"2009","ARI","70","92","36","645","162","1447.2","7.20","3.26","1.04",".298","69.8%","43.2%","10.3%","","4.44","4.20","4.17","13.5"
"2007","NYY","94","68","34","684","162","1450.2","6.26","3.59","0.93",".299","70.6%","42.8%","8.5%","","4.50","4.51","4.70","13.5"
"2012","MIA","69","93","38","645","162","1440.2","6.95","3.09","0.83",".300","70.3%","45.0%","9.2%","","4.10","3.89","4.17","13.5"
"2006","BOS","86","76","46","616","162","1441.1","6.68","3.18","1.13",".311","69.8%","43.8%","10.8%","","4.83","4.50","4.50","13.4"
"2018","OAK","97","65","44","740","162","1465.2","7.60","2.91","1.13",".270","73.5%","43.6%","12.2%","88.3","3.82","4.18","4.25","13.4"
"2006","SEA","78","84","47","591","162","1446.2","6.64","3.48","1.14",".297","71.1%","42.9%","10.7%","","4.60","4.59","4.61","13.4"
"2018","ARI","82","80","39","735","162","1463.0","8.91","3.21","1.07",".289","75.7%","47.3%","13.7%","89.2","3.73","3.91","3.81","13.2"
"2008","CLE","81","81","31","561","162","1437.0","6.18","2.78","1.06",".301","70.7%","44.7%","10.5%","","4.46","4.33","4.28","13.2"
"2016","COL","75","87","37","695","162","1429.1","7.70","3.44","1.14",".317","68.0%","49.1%","14.1%","88.4","4.92","4.38","4.23","13.1"
"2007","ATL","84","78","36","690","162","1456.1","6.83","3.32","1.06",".288","72.4%","45.3%","10.8%","","4.11","4.45","4.29","13.1"
"2015","OAK","68","94","28","649","162","1444.2","7.34","2.95","1.07",".289","71.0%","45.0%","11.4%","88.4","4.16","4.13","4.13","13.0"
"2006","SFG","76","85","37","599","161","1429.2","6.24","3.68","0.96",".287","69.1%","41.9%","8.9%","","4.64","4.52","4.82","13.0"
"2008","NYM","89","73","43","719","162","1464.1","7.26","3.63","1.00",".289","73.6%","43.1%","10.5%","","4.07","4.32","4.26","13.0"
"2014","BAL","96","66","53","641","162","1461.1","7.23","2.91","0.93",".280","77.0%","43.8%","9.8%","","3.44","3.96","3.92","12.9"
"2014","CIN","76","86","44","590","162","1446.0","8.03","3.16","1.01",".277","76.5%","45.1%","11.6%","","3.59","4.01","3.75","12.8"
"2010","CIN","91","71","43","664","162","1453.0","7.00","3.25","0.98",".288","73.6%","42.9%","9.4%","","4.02","4.12","4.13","12.8"
"2008","MIN","88","75","42","648","163","1459.0","6.14","2.50","1.13",".301","72.0%","42.0%","10.2%","","4.18","4.30","4.29","12.8"
"2014","NYM","79","83","42","651","162","1463.2","8.01","3.13","0.87",".295","75.7%","45.8%","9.9%","","3.49","3.75","3.70","12.7"
"2008","SDP","63","99","30","653","162","1458.1","6.79","3.46","1.02",".294","70.9%","42.4%","10.1%","","4.41","4.33","4.33","12.7"
"2012","CLE","68","94","43","656","162","1442.0","6.78","3.39","1.09",".300","67.6%","45.9%","11.4%","","4.79","4.40","4.39","12.6"
"2016","TEX","95","67","56","641","162","1443.0","7.20","3.33","1.25",".292","72.8%","45.5%","13.5%","88.4","4.38","4.58","4.49","12.6"
"2009","PIT","62","99","28","617","161","1418.1","5.83","3.57","0.96",".300","70.6%","43.8%","9.1%","","4.59","4.48","4.63","12.6"
"2006","PIT","67","95","39","667","162","1435.0","6.65","3.89","0.98",".312","71.3%","45.5%","10.4%","","4.55","4.53","4.59","12.5"
"2009","MIN","87","76","48","643","163","1453.0","6.52","2.89","1.15",".301","72.0%","40.9%","9.7%","","4.50","4.39","4.45","12.5"
"2009","TBR","84","78","41","672","162","1427.1","7.09","3.25","1.15",".289","71.2%","41.5%","10.5%","","4.36","4.37","4.30","12.4"
"2009","PHI","93","69","44","621","162","1455.2","7.13","3.02","1.17",".296","75.0%","40.8%","11.0%","","4.16","4.36","4.22","12.4"
"2018","SDP","66","96","36","697","162","1457.0","8.64","3.21","1.14",".305","71.1%","44.4%","13.6%","88.6","4.41","4.10","3.99","12.3"
"2019","ATL","97","65","44","737","162","1450.2","8.64","3.40","1.26",".302","73.8%","45.2%","15.0%","88.9","4.20","4.39","4.42","12.3"
"2019","CHW","72","89","33","697","161","1412.2","8.36","3.71","1.52",".302","71.3%","43.2%","15.9%","88.8","4.91","4.89","4.81","12.2"
"2006","FLA","78","84","41","600","162","1433.1","6.83","3.91","1.04",".299","72.0%","42.7%","10.0%","","4.37","4.59","4.72","12.2"
"2015","MIA","71","91","35","648","162","1427.0","7.27","3.20","0.89",".294","72.3%","44.5%","9.5%","88.5","4.04","3.98","4.23","12.2"
"2014","SDP","77","85","41","643","162","1438.2","8.03","2.89","0.73",".289","74.9%","45.2%","8.6%","","3.27","3.46","3.57","12.2"
"2015","LAA","85","77","46","680","162","1440.2","7.63","2.91","1.04",".285","73.3%","41.5%","10.0%","88.1","3.94","4.06","4.26","12.2"
"2018","LAA","80","82","35","763","162","1437.1","8.68","3.42","1.28",".294","74.1%","42.1%","14.1%","89.0","4.15","4.36","4.18","12.1"
"2019","MIL","89","73","50","750","162","1459.1","9.23","3.52","1.39",".292","73.1%","42.2%","15.6%","87.9","4.40","4.46","4.42","12.1"
"2007","KCR","69","93","36","610","162","1437.1","6.22","3.26","1.05",".304","71.0%","41.1%","9.3%","","4.50","4.55","4.61","12.1"
"2016","KCR","81","81","41","634","162","1440.0","8.04","3.23","1.29",".298","75.4%","44.3%","13.4%","88.9","4.21","4.42","4.33","12.1"
"2011","STL","90","72","47","630","162","1462.0","6.76","2.76","0.84",".296","71.6%","47.7%","9.3%","","3.79","3.75","3.79","12.0"
"2011","NYM","77","85","43","676","162","1448.0","7.00","3.19","0.91",".299","71.2%","46.1%","9.4%","","4.19","4.00","4.04","11.9"
"2015","BOS","78","84","40","637","162","1448.1","7.57","2.97","1.11",".305","71.6%","44.1%","11.6%","88.1","4.34","4.17","4.14","11.8"
"2007","HOU","73","89","38","638","162","1464.2","6.81","3.13","1.27",".300","71.7%","44.0%","11.5%","","4.70","4.73","4.44","11.8"
"2011","ARI","94","68","58","625","162","1443.1","6.60","2.76","0.99",".286","73.9%","41.9%","9.5%","","3.80","4.02","4.05","11.8"
"2015","DET","74","87","35","666","161","1447.0","6.84","3.04","1.20",".298","69.7%","42.9%","12.0%","88.5","4.64","4.46","4.36","11.7"
"2009","HOU","74","88","39","659","162","1430.0","7.20","3.44","1.11",".311","72.0%","45.6%","11.5%","","4.54","4.35","4.16","11.6"
"2019","DET","47","114","31","738","161","1433.0","8.59","3.37","1.57",".317","68.8%","42.7%","15.9%","89.7","5.26","4.84","4.75","11.6"
"2011","WSN","80","81","49","664","161","1449.1","6.51","2.96","0.80",".287","73.6%","44.6%","8.2%","","3.58","3.83","4.04","11.6"
"2017","DET","64","98","32","672","162","1420.1","7.62","3.41","1.38",".320","68.7%","39.4%","12.8%","87.9","5.36","4.73","4.87","11.5"
"2013","MIN","66","96","40","673","162","1450.1","6.11","2.84","1.04",".309","70.2%","43.7%","10.2%","","4.55","4.23","4.28","11.5"
"2012","ATL","94","68","47","622","162","1445.1","7.67","2.89","0.90",".284","75.4%","47.2%","10.8%","","3.42","3.74","3.80","11.4"
"2017","SFG","64","98","32","664","162","1452.0","7.65","3.07","1.13",".308","71.1%","42.5%","11.5%","87.7","4.50","4.22","4.53","11.4"
"2010","STL","86","76","32","617","162","1453.2","6.77","2.95","0.82",".292","74.0%","49.5%","9.2%","","3.57","3.85","3.87","11.4"
"2008","HOU","86","75","48","649","161","1425.1","6.91","3.11","1.24",".293","72.8%","43.3%","12.1%","","4.39","4.53","4.24","11.4"
"2018","MIN","78","84","37","728","162","1443.1","8.59","3.57","1.23",".302","72.4%","41.6%","13.2%","88.5","4.50","4.39","4.33","11.3"
"2013","CHC","66","96","39","651","162","1448.0","7.36","3.36","0.99",".279","72.8%","42.4%","10.3%","","4.00","4.10","4.13","11.3"
"2017","TEX","78","84","29","626","162","1434.1","6.95","3.51","1.34",".289","70.9%","44.2%","13.6%","86.8","4.70","4.88","4.89","11.2"
"2013","BAL","85","77","57","635","162","1453.0","7.24","2.93","1.25",".291","74.6%","42.2%","12.9%","","4.20","4.33","3.99","11.1"
"2016","MIL","73","89","46","675","162","1434.1","7.37","3.34","1.12",".300","73.1%","46.0%","12.4%","88.1","4.10","4.37","4.42","11.1"
"2009","SDP","75","87","45","689","162","1450.2","7.36","3.74","1.04",".294","70.9%","43.5%","10.1%","","4.37","4.30","4.29","11.1"
"2007","DET","88","74","44","605","162","1447.1","6.51","3.52","1.08",".295","70.7%","44.2%","10.2%","","4.58","4.67","4.59","11.1"
"2015","TEX","88","74","45","660","162","1442.2","6.83","3.17","1.07",".294","72.4%","44.2%","11.2%","88.4","4.25","4.34","4.37","11.0"
"2017","LAA","80","82","43","705","162","1440.2","8.20","2.94","1.40",".289","74.9%","41.6%","14.1%","88.4","4.20","4.43","4.37","11.0"
"2007","BAL","69","93","30","652","162","1438.2","6.80","4.35","1.01",".302","68.4%","44.9%","9.7%","","5.19","4.78","4.78","11.0"
"2011","CHC","71","91","40","657","162","1434.1","7.68","3.64","1.02",".301","71.3%","43.0%","10.3%","","4.34","4.11","4.02","11.0"
"2006","ATL","79","83","38","684","162","1441.1","6.55","3.57","1.14",".300","71.1%","45.0%","11.6%","","4.60","4.65","4.53","11.0"
"2012","SFG","94","68","53","688","162","1451.0","7.67","3.03","0.88",".289","73.6%","46.0%","9.9%","","3.68","3.78","3.95","10.9"
"2007","PIT","68","94","32","657","162","1447.2","6.20","3.22","1.08",".315","69.5%","44.1%","10.0%","","4.94","4.66","4.60","10.9"
"2014","MIL","82","80","45","640","162","1457.2","7.69","2.66","1.03",".289","74.0%","45.6%","11.3%","","3.67","3.89","3.65","10.9"
"2018","TEX","67","95","42","668","162","1431.0","7.05","3.09","1.40",".299","69.6%","43.0%","14.1%","88.9","4.92","4.79","4.59","10.8"
"2015","CIN","64","98","35","683","162","1453.1","7.75","3.37","1.10",".297","71.7%","44.1%","12.1%","88.2","4.35","4.24","4.14","10.8"
"2014","CHW","73","89","36","615","162","1441.0","7.20","3.48","0.87",".306","70.4%","46.1%","9.4%","","4.30","4.10","4.11","10.7"
"2016","MIN","59","103","26","695","162","1443.0","7.43","2.99","1.38",".319","68.3%","43.0%","13.9%","89.5","5.09","4.57","4.42","10.7"
"2011","TOR","81","81","33","636","162","1458.2","7.21","3.33","1.10",".290","71.6%","44.4%","11.3%","","4.33","4.29","4.06","10.7"
"2011","KCR","71","91","37","582","162","1451.1","6.70","3.45","1.01",".299","71.5%","43.9%","9.9%","","4.45","4.27","4.24","10.7"
"2015","ARI","79","83","44","712","162","1466.2","7.46","3.07","1.12",".294","73.7%","45.7%","12.3%","88.9","4.05","4.21","4.09","10.6"
"2016","TBR","68","94","42","647","162","1426.1","8.56","3.10","1.33",".297","74.2%","41.0%","13.1%","89.3","4.20","4.26","4.22","10.6"
"2014","BOS","71","91","36","655","162","1465.2","7.45","2.96","0.95",".301","71.8%","43.6%","9.9%","","4.01","3.93","3.87","10.6"
"2010","WSN","69","93","37","656","162","1435.0","6.70","3.21","0.95",".297","70.8%","44.5%","9.4%","","4.13","4.12","4.13","10.4"
"2012","LAA","89","73","38","606","162","1433.1","7.26","3.03","1.17",".277","72.6%","43.9%","12.1%","","4.02","4.26","4.15","10.4"
"2006","CHC","66","96","29","704","162","1439.0","7.82","4.30","1.31",".286","70.9%","41.6%","12.8%","","4.74","4.88","4.58","10.4"
"2009","NYM","70","92","39","673","162","1426.0","6.51","3.89","1.00",".292","71.8%","42.5%","9.1%","","4.46","4.50","4.66","10.4"
"2008","PIT","67","95","34","659","162","1455.0","5.96","4.06","1.09",".311","69.5%","44.0%","10.8%","","5.10","4.84","4.74","10.3"
"2015","PHI","63","99","35","665","162","1436.1","7.22","3.06","1.20",".316","71.1%","44.0%","12.2%","88.8","4.69","4.40","4.29","10.3"
"2016","ARI","69","93","31","737","162","1451.1","8.17","3.74","1.25",".320","68.7%","46.0%","14.1%","89.0","5.09","4.50","4.34","10.1"
"2013","LAA","78","84","41","658","162","1457.2","7.41","3.29","1.03",".300","72.3%","42.1%","10.4%","","4.24","4.08","4.10","10.1"
"2018","DET","64","98","37","704","162","1425.1","7.67","3.10","1.36",".291","70.5%","39.6%","12.9%","88.5","4.60","4.59","4.55","10.0"
"2007","PHI","89","73","42","660","162","1458.1","6.48","3.44","1.22",".301","71.5%","43.5%","11.9%","","4.76","4.86","4.52","9.9"
"2009","CLE","65","97","25","607","162","1434.0","6.19","3.75","1.15",".305","68.9%","43.1%","10.3%","","5.07","4.73","4.69","9.9"
"2015","MIL","68","94","40","658","162","1435.0","7.90","3.24","1.10",".303","72.1%","46.1%","12.7%","87.9","4.28","4.17","4.00","9.9"
"2014","HOU","70","92","31","600","162","1438.2","7.11","3.03","0.87",".299","70.3%","46.4%","9.6%","","4.14","3.93","3.91","9.9"
"2007","STL","78","84","34","678","162","1435.2","5.92","3.19","1.05",".293","68.1%","43.5%","9.6%","","4.67","4.66","4.67","9.8"
"2010","BAL","66","96","35","616","162","1436.1","6.31","3.26","1.17",".294","71.3%","42.1%","10.2%","","4.59","4.57","4.44","9.8"
"2018","CHW","62","100","34","715","162","1437.0","7.89","4.09","1.23",".292","69.4%","40.8%","11.7%","88.6","4.85","4.73","4.88","9.8"
"2015","SDP","74","88","41","678","162","1440.1","8.70","3.22","1.07",".303","71.1%","46.9%","13.3%","88.3","4.09","3.93","3.71","9.7"
"2010","CLE","69","93","34","632","162","1433.0","6.07","3.59","0.92",".297","71.4%","47.9%","9.3%","","4.30","4.40","4.41","9.7"
"2017","OAK","75","87","35","687","162","1431.0","7.56","3.16","1.32",".294","68.9%","44.9%","13.9%","88.2","4.67","4.57","4.54","9.6"
"2013","TOR","74","88","39","649","162","1452.0","7.49","3.10","1.21",".293","72.3%","44.0%","12.3%","","4.26","4.30","4.04","9.5"
"2008","SEA","61","101","36","631","162","1435.1","6.37","3.93","1.01",".307","70.7%","44.7%","9.8%","","4.73","4.59","4.64","9.4"
"2014","SFG","88","74","46","637","162","1449.0","7.52","2.42","0.83",".282","72.7%","45.9%","9.4%","","3.50","3.58","3.59","9.4"
"2017","SEA","78","84","39","689","162","1440.1","7.77","3.06","1.48",".283","72.7%","40.3%","14.1%","87.9","4.46","4.70","4.64","9.3"
"2010","KCR","67","95","44","603","162","1436.2","6.48","3.45","1.10",".304","68.6%","42.5%","9.8%","","4.97","4.48","4.41","9.3"
"2014","TEX","67","95","33","638","162","1426.1","7.00","3.19","1.01",".310","70.4%","39.5%","9.3%","","4.49","4.22","4.26","9.3"
"2012","HOU","55","107","31","703","162","1423.1","7.40","3.41","1.09",".306","70.0%","47.9%","12.2%","","4.57","4.27","4.15","9.3"
"2007","TBD","66","96","28","645","162","1429.2","7.52","3.58","1.25",".331","66.8%","41.8%","11.1%","","5.53","4.70","4.47","9.2"
"2012","COL","64","98","36","737","162","1422.0","7.24","3.58","1.25",".325","68.9%","45.2%","13.7%","","5.22","4.59","4.28","9.2"
"2008","TEX","79","83","36","619","162","1442.0","6.01","3.90","1.10",".315","65.6%","43.2%","10.2%","","5.37","4.83","4.82","9.2"
"2007","TEX","75","87","42","629","162","1430.0","6.14","4.20","0.98",".303","69.4%","46.5%","9.7%","","4.76","4.83","4.82","9.1"
"2008","STL","86","76","42","668","162","1454.0","5.92","3.07","1.01",".295","72.9%","45.3%","10.3%","","4.20","4.40","4.37","9.1"
"2015","SEA","76","86","45","671","162","1463.0","7.89","3.02","1.11",".298","72.8%","46.3%","12.5%","88.6","4.16","4.14","3.99","9.1"
"2019","TOR","67","95","33","753","162","1440.1","8.32","3.77","1.42",".300","71.8%","43.1%","14.9%","88.9","4.79","4.82","4.88","9.1"
"2008","CIN","74","88","34","669","162","1442.1","7.66","3.48","1.25",".312","72.5%","42.7%","12.7%","","4.55","4.54","4.18","9.1"
"2016","ATL","68","93","39","748","161","1447.2","7.63","3.40","1.10",".293","70.2%","44.7%","11.7%","89.1","4.51","4.32","4.48","9.0"
"2016","PIT","78","83","51","687","162","1450.2","7.64","3.31","1.12",".306","72.5%","46.9%","13.0%","88.3","4.22","4.30","4.28","9.0"
"2017","ATL","72","90","36","692","162","1441.1","7.86","3.65","1.20",".302","70.1%","44.5%","12.5%","87.5","4.72","4.51","4.67","8.9"
"2017","MIN","85","77","42","682","162","1436.0","7.31","3.03","1.40",".296","72.5%","42.4%","13.5%","87.8","4.60","4.71","4.75","8.9"
"2006","TBD","61","101","33","606","162","1420.1","6.20","3.84","1.14",".312","70.1%","42.5%","10.3%","","4.97","4.83","4.91","8.8"
"2018","TOR","73","89","39","752","162","1433.2","8.15","3.46","1.31",".306","70.0%","42.5%","12.7%","88.5","4.85","4.53","4.54","8.8"
"2019","PHI","81","81","36","726","162","1453.2","8.62","3.38","1.60",".298","74.7%","43.1%","17.9%","88.6","4.53","4.88","4.55","8.8"
"2015","SFG","84","78","41","719","162","1444.1","7.26","2.69","0.97",".283","74.5%","46.0%","10.8%","88.3","3.73","3.92","3.99","8.8"
"2017","NYM","70","92","34","730","162","1434.2","8.62","3.72","1.38",".319","70.4%","44.4%","14.9%","86.9","5.01","4.59","4.42","8.7"
"2018","CIN","67","95","38","706","162","1441.0","7.86","3.32","1.42",".300","71.5%","44.4%","15.8%","88.8","4.65","4.68","4.28","8.6"
"2016","SDP","68","94","35","672","162","1440.0","7.64","3.56","1.14",".296","71.3%","46.4%","12.6%","89.1","4.44","4.40","4.42","8.6"
"2017","BAL","75","87","35","654","162","1441.0","7.70","3.62","1.51",".302","72.2%","44.6%","15.4%","88.0","4.97","4.96","4.72","8.6"
"2019","PIT","69","93","31","712","162","1440.0","9.02","3.65","1.51",".315","68.9%","42.2%","15.7%","88.8","5.19","4.78","4.72","8.6"
"2011","PIT","72","90","43","711","162","1449.1","6.40","3.32","0.94",".300","73.7%","45.6%","9.8%","","4.05","4.20","4.18","8.5"
"2019","SFG","77","85","41","749","162","1469.0","8.38","3.18","1.39",".286","72.6%","42.2%","15.1%","89.4","4.38","4.55","4.58","8.5"
"2013","ARI","81","81","38","689","162","1495.0","7.33","2.92","1.06",".292","74.5%","46.0%","12.2%","","3.92","4.04","3.83","8.5"
"2013","SDP","76","86","40","650","162","1455.0","7.24","3.25","0.96",".292","72.5%","45.8%","10.8%","","3.98","4.00","3.96","8.4"
"2007","FLA","71","91","40","722","162","1443.2","7.12","4.12","1.10",".321","69.4%","41.7%","10.2%","","4.96","4.77","4.69","8.3"
"2008","DET","74","88","34","602","162","1445.0","6.17","4.01","1.07",".302","69.4%","42.0%","9.7%","","4.91","4.79","4.86","8.3"
"2015","COL","68","94","36","746","162","1426.1","7.02","3.65","1.15",".318","69.9%","47.7%","13.2%","88.5","5.04","4.56","4.33","8.3"
"2014","PIT","88","74","48","614","162","1456.1","7.59","3.08","0.79",".290","74.2%","50.5%","10.3%","","3.49","3.80","3.71","8.2"
"2014","ARI","64","98","35","650","162","1444.1","7.96","2.92","0.96",".312","70.3%","46.1%","11.1%","","4.26","3.83","3.63","8.2"
"2009","CIN","78","84","41","640","162","1458.1","6.60","3.56","1.16",".283","74.4%","42.1%","10.9%","","4.18","4.63","4.50","8.2"
"2016","LAA","74","88","29","689","162","1421.1","7.19","3.15","1.32",".301","75.0%","40.8%","12.5%","88.7","4.28","4.62","4.66","8.0"
"2008","ATL","72","90","26","707","162","1440.2","6.72","3.66","0.97",".293","69.7%","48.3%","11.4%","","4.47","4.35","4.20","7.9"
"2019","KCR","59","103","37","682","162","1425.0","7.77","3.68","1.40",".311","70.2%","43.9%","14.7%","89.8","5.20","4.90","4.98","7.9"
"2017","SDP","71","91","45","679","162","1430.2","8.34","3.49","1.42",".299","71.1%","47.5%","16.4%","87.5","4.70","4.68","4.34","7.9"
"2008","WSN","59","102","28","678","161","1434.0","6.67","3.69","1.19",".296","70.1%","42.4%","11.6%","","4.66","4.71","4.49","7.9"
"2012","SDP","76","86","43","691","162","1434.2","7.56","3.38","1.02",".284","71.8%","47.5%","11.7%","","4.01","4.11","4.05","7.8"
"2006","STL","83","78","38","630","161","1429.2","6.11","3.17","1.21",".288","72.5%","46.2%","12.5%","","4.54","4.77","4.54","7.8"
"2011","MIN","63","99","32","619","162","1421.2","5.95","3.04","1.02",".307","69.1%","44.0%","9.5%","","4.60","4.30","4.33","7.7"
"2006","BAL","70","92","35","634","162","1419.0","6.44","3.89","1.37",".307","69.2%","42.3%","12.7%","","5.35","5.09","4.80","7.6"
"2010","MIL","77","85","35","657","162","1439.0","7.87","3.64","1.08",".308","70.0%","41.8%","10.3%","","4.59","4.21","4.07","7.4"
"2014","COL","66","96","24","709","162","1431.0","6.75","3.34","1.09",".307","69.2%","47.7%","12.7%","","4.86","4.43","4.04","7.2"
"2013","SFG","76","86","41","686","162","1447.1","7.81","3.24","0.90",".295","72.1%","42.1%","9.9%","","4.00","3.80","3.89","7.1"
"2018","BAL","47","115","28","652","162","1431.0","7.57","3.70","1.47",".310","70.0%","41.9%","14.4%","88.6","5.19","4.98","4.73","7.1"
"2015","ATL","67","95","44","694","162","1425.1","7.25","3.47","1.07",".305","71.4%","43.4%","11.3%","88.6","4.41","4.34","4.36","7.0"
"2012","TOR","73","89","29","657","162","1443.2","7.12","3.58","1.27",".291","72.0%","46.5%","14.1%","","4.64","4.66","4.30","6.9"
"2009","BAL","64","98","31","646","162","1429.0","5.88","3.44","1.37",".307","70.3%","41.7%","11.6%","","5.16","5.03","4.78","6.8"
"2018","KCR","58","104","33","645","162","1432.0","7.27","3.45","1.29",".309","70.6%","43.1%","13.0%","89.2","4.95","4.66","4.63","6.7"
"2019","LAA","72","90","32","751","162","1442.2","8.76","3.59","1.67",".290","70.9%","40.4%","17.0%","89.0","5.12","5.04","4.80","6.6"
"2012","BOS","69","93","35","651","162","1443.0","7.33","3.30","1.19",".296","69.6%","46.4%","13.2%","","4.72","4.41","4.16","6.4"
"2010","PIT","57","105","31","679","162","1411.2","6.54","3.43","1.06",".311","67.4%","44.0%","10.0%","","5.00","4.45","4.35","6.4"
"2019","COL","71","91","28","752","162","1448.2","7.85","3.66","1.68",".308","68.5%","46.1%","19.0%","89.9","5.58","5.23","4.75","6.3"
"2019","SEA","68","94","34","700","162","1439.1","7.75","3.16","1.63",".291","68.4%","43.4%","16.4%","89.5","5.00","5.00","4.85","6.3"
"2011","CIN","79","83","39","663","162","1467.2","6.82","3.31","1.13",".282","73.7%","44.8%","11.5%","","4.16","4.37","4.11","6.2"
"2012","MIN","66","96","35","661","162","1438.2","5.90","2.91","1.24",".294","68.8%","45.7%","12.7%","","4.77","4.66","4.46","5.9"
"2011","HOU","56","106","25","665","162","1435.0","7.47","3.51","1.18",".301","70.8%","43.2%","12.0%","","4.51","4.35","4.02","5.6"
"2019","MIA","57","105","27","701","162","1444.1","8.59","3.83","1.47",".281","72.1%","38.3%","14.2%","88.6","4.74","4.89","5.06","5.5"
"2017","MIA","77","85","34","742","162","1442.2","7.50","3.91","1.20",".298","70.7%","42.5%","12.2%","87.4","4.82","4.69","4.90","5.5"
"2017","CIN","68","94","33","666","162","1430.0","8.18","3.97","1.56",".296","71.1%","44.6%","16.8%","87.2","5.17","5.08","4.66","5.3"
"2013","MIL","74","88","40","663","162","1442.2","7.02","2.91","1.09",".286","73.5%","44.4%","11.9%","","3.84","4.12","3.94","5.3"
"2019","BAL","54","108","27","695","162","1443.0","7.78","3.50","1.90",".295","68.5%","40.5%","17.4%","89.5","5.67","5.56","5.23","5.3"
"2009","MIL","80","82","44","674","162","1435.0","6.92","3.81","1.30",".295","71.9%","42.6%","12.0%","","4.84","4.84","4.54","5.2"
"2009","WSN","59","103","33","694","162","1424.1","5.76","3.97","1.09",".296","67.9%","44.4%","10.3%","","5.02","4.82","4.80","4.9"
"2011","BAL","69","93","32","640","162","1446.2","6.49","3.33","1.31",".302","69.5%","43.1%","12.1%","","4.92","4.67","4.29","4.9"
"2006","WSN","71","91","32","679","162","1436.1","6.02","3.66","1.21",".292","69.0%","39.6%","10.2%","","5.03","4.97","5.08","4.6"
"2012","CHC","61","101","28","655","162","1413.2","7.18","3.65","1.11",".291","71.3%","43.2%","11.8%","","4.51","4.46","4.39","4.4"
"2007","WSN","73","89","46","750","162","1446.2","5.79","3.61","1.16",".286","72.0%","39.7%","9.6%","","4.58","4.92","4.93","4.4"
"2017","CHW","67","95","25","682","162","1421.2","7.55","4.00","1.53",".281","72.4%","41.9%","14.7%","87.9","4.78","5.17","5.01","4.4"
"2008","BAL","68","93","35","653","161","1422.0","5.84","4.35","1.16",".298","70.1%","44.6%","10.7%","","5.15","5.14","5.04","3.4"
"2010","ARI","65","97","35","616","162","1432.0","6.72","3.44","1.32",".296","70.1%","41.8%","12.0%","","4.81","4.76","4.35","2.7"
"2018","MIA","63","98","30","707","161","1442.0","7.80","3.78","1.20",".290","69.9%","40.9%","12.1%","88.8","4.76","4.57","4.65","2.3"
"2013","HOU","51","111","32","610","162","1440.0","6.78","3.85","1.19",".303","70.0%","43.9%","11.8%","","4.79","4.67","4.48","2.2"
"2016","CIN","68","94","28","646","162","1442.0","7.75","3.97","1.61",".290","72.8%","41.6%","15.9%","88.3","4.91","5.24","4.79","1.0"
"2006","KCR","62","100","35","635","162","1426.1","5.70","4.02","1.34",".311","67.1%","42.2%","12.1%","","5.67","5.29","5.09","0.5"
