"Season","Team","PA","BB%","K%","BB/K","AVG","OBP","SLG","OPS","ISO","Spd","BABIP","UBR","wGDP","wSB","wRC","wRAA","wOBA","wRC+"
"2009","NYY","6449","10.3%","15.7%","0.65",".283",".362",".478",".839",".194","4.6",".306","-5.3","-0.6","6.1","964","191.0",".365","117"
"2007","NYY","6528","9.8%","15.2%","0.64",".290",".366",".463",".829",".174","5.0",".318","4.0","6.4","1.5","973","165.8",".361","119"
"2006","NYY","6455","10.1%","16.3%","0.62",".285",".363",".461",".824",".177","4.9",".315","-5.7","3.2","9.9","943","132.8",".356","113"
"2019","HOU","6394","10.1%","18.2%","0.55",".274",".352",".495",".848",".221","4.3",".296","-3.7","-4.0","-1.8","996","191.8",".355","126"
"2008","TEX","6478","9.2%","18.6%","0.49",".283",".354",".462",".816",".179","4.9",".325","1.7","8.1","1.3","919","139.6",".355","112"
"2007","BOS","6426","10.7%","16.2%","0.66",".279",".362",".444",".806",".165","4.7",".315","-7.9","-0.4","3.3","906","111.3",".352","109"
"2011","BOS","6414","9.0%","17.3%","0.52",".280",".349",".461",".810",".181","4.6",".314","-10.9","0.6","-1.9","902","181.6",".352","117"
"2008","BOS","6402","10.1%","16.7%","0.60",".280",".358",".447",".805",".168","4.8",".315","-8.0","-1.4","4.7","893","122.4",".351","110"
"2009","BOS","6344","10.4%","17.7%","0.59",".270",".352",".454",".806",".184","5.0",".301","-11.6","-0.8","4.7","877","116.8",".351","106"
"2007","PHI","6537","9.8%","18.4%","0.53",".274",".354",".458",".812",".184","5.5",".311","1.5","5.0","14.1","912","104.0",".351","105"
"2017","HOU","6271","8.1%","17.3%","0.47",".282",".346",".478",".823",".196","4.5",".309","3.2","-1.6","-2.0","911","146.8",".349","121"
"2006","TOR","6241","8.2%","14.5%","0.57",".284",".348",".463",".811",".179","4.1",".306","-0.8","-10.5","-3.7","874","90.7",".349","107"
"2008","CHC","6384","10.0%","18.6%","0.54",".278",".354",".443",".797",".165","4.2",".321","1.6","5.9","-1.4","868","99.9",".349","104"
"2011","TEX","6261","7.6%","14.9%","0.51",".283",".340",".460",".800",".177","5.1",".304","18.9","-3.6","5.3","858","154.8",".347","112"
"2007","DET","6364","7.4%","16.6%","0.45",".287",".345",".458",".802",".171","5.5",".323","3.5","1.9","2.6","872","84.9",".347","108"
"2019","MIN","6392","8.2%","20.9%","0.39",".270",".338",".494",".832",".224","3.5",".300","-6.5","4.9","-6.8","953","148.8",".347","116"
"2013","BOS","6382","9.1%","20.5%","0.44",".277",".349",".446",".795",".169","5.2",".329","0.4","1.2","11.7","863","163.7",".347","114"
"2006","CLE","6303","8.8%","19.1%","0.46",".280",".349",".457",".806",".177","4.2",".324","-3.3","1.8","-1.4","873","81.9",".347","108"
"2016","BOS","6320","8.8%","18.4%","0.48",".282",".348",".461",".810",".179","4.6",".320","5.9","1.5","3.2","893","148.6",".346","113"
"2019","NYY","6245","9.1%","23.0%","0.40",".267",".339",".490",".829",".222","4.1",".306","0.2","0.8","-1.8","928","141.7",".346","116"
"2010","NYY","6379","10.4%","17.8%","0.58",".267",".350",".436",".786",".169","4.8",".300","3.4","5.3","3.4","860","127.4",".346","112"
"2009","LAA","6305","8.7%","16.7%","0.52",".285",".350",".441",".792",".156","5.0",".322","11.0","-1.2","-1.2","844","88.0",".346","108"
"2007","COL","6498","9.6%","17.7%","0.54",".280",".354",".437",".791",".158","4.9",".322","6.5","2.5","1.1","878","74.2",".346","97"
"2006","CHW","6318","7.9%","16.7%","0.48",".280",".342",".464",".806",".184","4.2",".305","-10.9","7.2","-4.7","869","75.8",".346","103"
"2010","BOS","6356","9.2%","17.9%","0.51",".268",".339",".451",".790",".183","4.1",".299","-11.0","1.7","2.1","851","121.3",".345","109"
"2011","NYY","6306","9.9%","18.0%","0.55",".263",".343",".444",".788",".181","5.2",".292","4.3","-3.2","5.5","849","140.2",".345","113"
"2015","TOR","6231","9.1%","18.5%","0.50",".269",".340",".457",".797",".188","4.6",".298","5.1","0.3","5.6","854","153.1",".344","117"
"2008","DET","6331","9.0%","17.0%","0.53",".271",".340",".444",".784",".173","4.4",".301","-1.3","-0.7","-4.7","837","74.7",".343","106"
"2008","STL","6370","9.1%","15.5%","0.59",".281",".350",".433",".783",".152","4.1",".312","0.0","-6.7","-3.3","835","68.7",".342","107"
"2009","TBR","6223","10.3%","19.7%","0.52",".263",".343",".439",".782",".177","5.5",".303","5.3","7.1","9.2","812","66.4",".342","109"
"2012","NYY","6231","9.1%","18.9%","0.48",".265",".337",".453",".790",".188","4.1",".293","-1.5","2.8","1.0","843","132.3",".342","113"
"2006","PHI","6509","9.6%","18.5%","0.52",".267",".347",".447",".794",".180","4.9",".302","4.9","8.5","5.1","869","51.7",".341","100"
"2009","COL","6241","10.6%","20.5%","0.52",".261",".343",".441",".784",".180","5.0",".305","9.8","1.4","-5.9","808","60.4",".341","96"
"2013","DET","6388","8.3%","16.8%","0.49",".283",".346",".434",".780",".151","3.3",".320","-14.1","1.6","-6.5","838","137.5",".341","114"
"2006","BOS","6435","10.4%","16.4%","0.64",".269",".351",".435",".786",".166","3.4",".298","-10.6","2.6","-2.3","856","48.5",".340","100"
"2007","FLA","6344","8.2%","21.0%","0.39",".267",".336",".448",".784",".181","5.0",".315","-5.0","7.3","1.5","825","40.5",".340","101"
"2010","CIN","6285","8.3%","19.4%","0.43",".272",".338",".436",".774",".164","4.4",".314","11.2","5.0","-3.5","812","90.0",".340","106"
"2018","BOS","6302","9.0%","19.9%","0.45",".268",".339",".453",".792",".185","5.2",".309","-8.7","-5.1","8.7","865","128.8",".340","111"
"2008","CHW","6231","8.7%","16.3%","0.53",".263",".332",".448",".780",".185","3.7",".281","-13.9","-8.6","-4.9","806","55.5",".339","101"
"2006","ATL","6284","8.4%","18.6%","0.45",".270",".337",".455",".791",".184","4.0",".304","-4.8","-1.5","-7.1","821","32.0",".339","100"
"2009","PHI","6338","9.3%","18.2%","0.51",".258",".334",".447",".781",".189","5.2",".286","4.4","7.4","8.2","808","48.1",".339","103"
"2016","COL","6236","7.9%","21.3%","0.37",".275",".336",".457",".794",".182","4.7",".326","5.3","1.9","-6.1","836","101.5",".339","94"
"2019","LAD","6281","9.7%","21.6%","0.45",".257",".338",".472",".810",".215","4.2",".291","2.8","5.2","3.9","885","94.0",".338","111"
"2019","BOS","6475","9.1%","21.3%","0.43",".269",".340",".466",".806",".197","4.3",".313","-4.5","0.3","-2.8","915","100.1",".338","106"
"2009","MIN","6346","9.2%","16.1%","0.57",".274",".345",".429",".774",".155","4.7",".306","19.4","-3.4","-0.7","808","47.6",".338","104"
"2008","NYY","6257","8.6%","16.2%","0.53",".271",".342",".427",".769",".156","4.5",".302","-1.9","-7.6","2.8","800","46.5",".338","104"
"2007","MIL","6238","8.0%","18.2%","0.44",".262",".329",".456",".785",".194","4.9",".289","6.1","0.5","0.8","800","28.1",".337","100"
"2006","TEX","6273","8.1%","16.9%","0.48",".278",".338",".446",".784",".168","3.9",".311","-2.7","-2.6","-2.1","818","30.6",".337","97"
"2014","COL","6164","6.4%","20.8%","0.31",".276",".327",".445",".772",".169","4.6",".326","-5.8","0.0","-6.5","787","125.0",".337","97"
"2009","TOR","6362","8.6%","16.2%","0.53",".266",".333",".440",".773",".174","3.8",".290","8.8","2.4","1.0","806","43.9",".337","101"
"2006","LAD","6394","9.4%","15.0%","0.63",".276",".348",".432",".781",".157","5.3",".307","-4.8","-1.7","1.7","828","25.2",".337","101"
"2011","DET","6231","8.4%","18.3%","0.46",".277",".340",".434",".773",".157","4.0",".318","-9.2","-2.3","-3.7","805","104.9",".337","109"
"2007","ATL","6374","8.4%","18.0%","0.46",".275",".339",".435",".774",".160","4.2",".314","0.1","-1.0","-5.3","814","25.7",".337","99"
"2007","NYM","6344","8.7%","15.5%","0.56",".275",".342",".432",".775",".157","5.4",".303","-2.2","1.4","15.0","807","22.5",".336","100"
"2007","CLE","6367","9.3%","18.9%","0.49",".268",".343",".428",".771",".159","4.2",".310","-1.9","10.7","-8.5","815","27.2",".336","104"
"2017","CLE","6234","9.7%","18.5%","0.52",".263",".339",".449",".788",".186","4.7",".295","3.4","3.6","4.1","839","79.0",".336","105"
"2009","MIL","6296","9.7%","19.6%","0.50",".263",".341",".426",".767",".164","4.3",".305","-3.7","0.1","-6.0","787","32.0",".336","103"
"2012","TEX","6216","7.7%","17.7%","0.43",".273",".334",".446",".780",".173","4.5",".306","-1.2","1.4","-6.0","813","103.8",".336","106"
"2019","WSN","6267","9.3%","20.9%","0.45",".265",".342",".454",".796",".190","5.1",".306","-1.2","-2.3","7.2","869","80.3",".336","104"
"2017","NYY","6354","9.7%","21.8%","0.44",".262",".339",".447",".785",".185","4.5",".304","0.7","5.7","4.7","853","78.6",".336","109"
"2007","TBD","6280","8.7%","21.1%","0.41",".268",".336",".433",".769",".165","5.1",".318","5.3","2.7","0.4","799","22.8",".335","103"
"2018","NYY","6271","10.0%","22.7%","0.44",".249",".329",".451",".781",".202","4.3",".285","9.7","4.5","0.4","838","105.3",".335","112"
"2007","CIN","6332","8.5%","17.6%","0.48",".267",".335",".436",".772",".170","4.3",".298","-5.7","-2.5","1.0","799","16.0",".335","94"
"2008","TBR","6312","9.9%","19.4%","0.51",".260",".340",".422",".762",".162","5.1",".302","-2.5","5.1","3.0","795","34.9",".335","105"
"2010","MIN","6257","8.9%","15.5%","0.58",".273",".341",".422",".762",".148","4.5",".306","-6.9","-6.4","-2.5","787","68.0",".335","106"
"2008","CLE","6299","8.9%","19.3%","0.46",".262",".339",".424",".763",".162","4.3",".305","-2.6","4.3","-1.0","789","31.0",".334","103"
"2011","STL","6242","8.7%","15.7%","0.55",".273",".341",".425",".766",".151","3.6",".305","8.1","-15.0","-9.6","787","86.2",".334","112"
"2006","MIN","6228","7.9%","14.0%","0.56",".287",".347",".425",".771",".138","4.6",".316","12.1","-12.9","-0.6","796","14.6",".334","101"
"2008","PHI","6273","9.3%","17.8%","0.52",".255",".332",".438",".770",".182","5.4",".283","7.3","3.5","12.8","778","22.7",".334","98"
"2010","MIL","6304","8.7%","19.3%","0.45",".262",".335",".424",".759",".161","4.4",".304","-4.5","4.1","1.0","788","64.2",".334","104"
"2006","DET","6198","6.9%","18.3%","0.38",".274",".329",".449",".777",".174","4.4",".310","3.4","2.7","-7.7","789","11.3",".334","99"
"2006","NYM","6291","8.7%","17.0%","0.51",".264",".334",".445",".780",".181","5.6",".293","2.5","6.3","11.7","796","6.3",".334","99"
"2010","TOR","6072","7.8%","19.2%","0.40",".248",".312",".454",".766",".206","4.0",".269","-11.1","-0.9","-0.3","758","60.6",".334","105"
"2016","CHC","6335","10.4%","21.1%","0.49",".256",".343",".429",".772",".173","4.1",".302","11.8","9.8","-4.3","822","75.6",".333","106"
"2006","COL","6348","8.8%","17.5%","0.51",".270",".341",".433",".774",".163","4.9",".310","-2.8","7.2","-7.1","795","-1.6",".333","87"
"2009","CLE","6320","9.2%","19.2%","0.48",".264",".339",".417",".756",".153","4.4",".308","-0.5","-0.2","-0.4","780","22.6",".333","100"
"2010","COL","6265","9.3%","20.3%","0.46",".263",".336",".425",".760",".162","5.3",".310","5.2","5.9","-1.8","776","56.8",".333","91"
"2010","TEX","6302","8.1%","15.6%","0.52",".276",".338",".419",".757",".143","4.5",".307","1.8","2.4","0.3","782","58.6",".333","98"
"2008","BAL","6211","8.6%","15.9%","0.54",".267",".333",".429",".762",".162","4.4",".296","-5.9","4.2","-3.4","771","22.9",".333","99"
"2007","SEA","6209","6.3%","13.9%","0.45",".287",".337",".425",".762",".138","4.3",".313","-6.0","-1.7","-1.9","777","9.4",".333","103"
"2018","LAD","6358","10.2%","22.6%","0.45",".250",".333",".442",".774",".191","4.6",".294","10.5","-0.7","1.6","831","87.6",".333","111"
"2007","LAA","6198","8.2%","14.2%","0.57",".284",".345",".417",".762",".133","4.8",".315","6.2","-1.3","-1.2","775","8.9",".333","100"
"2017","COL","6201","8.4%","22.7%","0.37",".273",".338",".444",".781",".171","4.4",".332","5.8","-5.8","-6.4","810","53.7",".332","88"
"2008","NYM","6388","9.7%","16.0%","0.60",".266",".340",".420",".761",".154","5.2",".296","6.6","-2.0","8.1","783","14.0",".332","100"
"2019","ATL","6302","9.8%","23.3%","0.42",".258",".336",".452",".789",".195","4.6",".305","2.6","6.1","2.3","855","62.3",".332","102"
"2006","CIN","6296","9.8%","18.9%","0.52",".257",".336",".432",".768",".175","4.2",".290","8.4","-0.1","8.1","787","-3.0",".332","94"
"2009","FLA","6312","9.0%","19.4%","0.46",".268",".340",".416",".756",".148","4.2",".316","0.1","8.2","-3.8","766","9.7",".332","97"
"2008","ATL","6368","9.7%","16.1%","0.60",".270",".345",".408",".753",".138","3.9",".309","-1.9","0.3","-4.2","781","14.1",".332","99"
"2010","CHW","6118","7.6%","15.1%","0.51",".268",".332",".420",".752",".152","4.7",".292","1.7","-7.3","-2.5","753","50.6",".332","100"
"2009","LAD","6385","9.5%","16.7%","0.57",".270",".346",".412",".758",".141","4.9",".309","7.8","-2.6","-1.2","776","10.6",".332","102"
"2012","LAA","6121","7.3%","18.2%","0.40",".274",".332",".433",".764",".159","4.8",".311","11.4","-4.8","6.9","776","77.9",".331","113"
"2009","TEX","6127","7.7%","20.5%","0.38",".260",".320",".445",".764",".185","5.3",".296","-6.4","4.4","11.1","746","11.5",".331","92"
"2014","DET","6202","7.1%","18.4%","0.39",".277",".331",".426",".757",".150","4.7",".319","-5.3","-2.1","0.1","768","101.8",".331","112"
"2006","BAL","6240","7.6%","14.1%","0.54",".277",".339",".424",".763",".146","4.6",".302","-11.3","-1.0","7.8","780","-3.0",".331","96"
"2017","CHC","6283","9.9%","22.3%","0.44",".255",".338",".437",".775",".182","4.2",".302","0.3","-2.5","-4.6","816","50.4",".331","101"
"2012","COL","6183","7.3%","19.6%","0.37",".274",".330",".436",".766",".163","5.1",".321","10.0","-4.7","-2.5","780","74.3",".331","90"
"2017","WSN","6214","8.7%","21.4%","0.41",".266",".332",".449",".782",".183","4.9",".311","4.1","2.5","5.3","805","47.8",".331","99"
"2006","STL","6225","8.5%","14.8%","0.58",".269",".337",".431",".769",".163","4.0",".292","10.5","-0.2","-4.4","774","-7.4",".331","98"
"2018","CLE","6300","8.8%","18.9%","0.47",".259",".332",".434",".766",".176","4.9",".291","-1.5","6.6","8.6","816","79.8",".330","106"
"2008","COL","6312","9.0%","19.2%","0.47",".263",".336",".415",".751",".152","5.0",".308","4.7","2.1","8.4","761","1.1",".330","88"
"2008","FLA","6206","8.7%","22.1%","0.40",".254",".326",".433",".759",".179","4.4",".300","-0.2","6.3","-0.4","751","4.1",".330","96"
"2016","DET","6127","8.0%","21.3%","0.38",".267",".331",".438",".769",".171","4.0",".312","-10.5","-2.8","-3.6","782","59.9",".330","106"
"2010","DET","6312","8.7%","18.2%","0.48",".268",".335",".415",".750",".147","4.1",".311","6.0","6.8","-3.1","770","45.0",".330","102"
"2019","CHC","6195","9.4%","23.6%","0.40",".252",".331",".452",".783",".200","3.9",".297","6.4","-4.0","-4.6","827","47.4",".330","102"
"2017","LAD","6191","10.5%","22.3%","0.47",".249",".334",".437",".771",".188","4.1",".293","4.0","2.0","-0.2","797","42.2",".330","104"
"2008","MIL","6252","8.8%","19.2%","0.46",".253",".325",".431",".757",".179","4.9",".287","2.8","4.3","1.8","754","1.8",".329","97"
"2018","OAK","6255","8.8%","22.1%","0.40",".252",".325",".439",".764",".187","3.5",".294","1.8","-2.5","-5.1","806","75.3",".329","112"
"2012","MIL","6224","7.5%","19.9%","0.38",".259",".325",".437",".762",".177","5.6",".299","-0.1","2.5","9.7","778","67.9",".329","102"
"2017","ARI","6224","9.3%","23.4%","0.40",".254",".329",".445",".774",".190","5.1",".306","3.1","5.0","4.3","799","40.1",".329","95"
"2012","STL","6326","8.4%","18.8%","0.45",".271",".338",".421",".759",".150","4.7",".316","1.2","0.8","-3.6","788","66.4",".329","106"
"2006","FLA","6191","8.0%","20.2%","0.40",".264",".331",".435",".766",".171","4.8",".309","15.3","2.8","-5.5","760","-16.9",".329","96"
"2007","TEX","6214","8.1%","19.7%","0.41",".263",".328",".426",".754",".163","5.1",".305","10.7","-0.1","2.0","757","-11.8",".329","94"
"2016","STL","6223","8.5%","21.2%","0.40",".255",".325",".443",".768",".187","3.6",".294","-11.6","1.4","-6.9","786","52.8",".329","105"
"2017","MIN","6261","9.5%","21.4%","0.44",".260",".334",".434",".768",".174","4.7",".306","4.6","6.5","3.3","805","41.9",".329","103"
"2007","CHC","6268","8.0%","16.8%","0.47",".271",".333",".422",".754",".150","4.4",".308","-0.1","-1.9","-1.9","761","-14.2",".329","90"
"2006","OAK","6281","10.3%","15.5%","0.67",".260",".340",".412",".752",".152","3.9",".285","-13.7","-3.9","1.1","771","-17.2",".328","97"
"2007","OAK","6365","10.4%","17.6%","0.59",".256",".338",".407",".745",".151","3.3",".290","-3.7","0.2","-3.5","773","-14.6",".328","99"
"2012","DET","6119","8.4%","18.0%","0.46",".268",".335",".422",".757",".154","4.3",".307","-7.9","-5.8","-4.1","763","64.6",".328","105"
"2008","MIN","6331","8.4%","15.5%","0.54",".279",".340",".408",".748",".129","5.3",".316","14.1","-0.1","-1.7","760","-1.8",".328","99"
"2019","COL","6288","7.8%","23.9%","0.33",".265",".326",".456",".782",".190","4.7",".321","4.2","-0.2","-2.4","829","37.7",".328","86"
"2009","DET","6234","8.7%","17.9%","0.48",".260",".331",".416",".747",".156","4.4",".294","1.6","2.3","-3.5","742","-5.0",".328","94"
"2009","BAL","6233","8.3%","16.3%","0.51",".268",".332",".415",".747",".147","3.9",".300","-14.3","-1.5","-4.3","743","-4.5",".328","93"
"2010","ATL","6252","10.1%","18.2%","0.56",".258",".339",".401",".740",".143","4.1",".301","1.1","0.7","-3.9","746","27.7",".327","100"
"2019","OAK","6269","9.2%","21.3%","0.43",".249",".327",".448",".776",".199","3.9",".282","6.7","-5.9","-2.5","829","40.4",".327","108"
"2006","LAA","6221","7.8%","14.7%","0.53",".274",".334",".425",".759",".150","4.9",".301","9.8","-0.9","2.4","758","-22.9",".327","95"
"2009","WSN","6273","9.8%","19.3%","0.51",".258",".337",".406",".743",".148","4.2",".302","1.1","-0.5","-6.3","739","-12.4",".327","96"
"2006","WSN","6283","9.5%","18.4%","0.51",".262",".338",".418",".756",".156","4.3",".301","7.4","0.7","-4.8","760","-28.4",".327","96"
"2009","ATL","6335","9.5%","16.8%","0.57",".263",".339",".405",".744",".142","3.7",".300","-11.3","-5.5","-3.4","745","-14.7",".327","97"
"2007","BAL","6264","8.0%","15.0%","0.53",".272",".333",".412",".746",".141","5.0",".302","-11.7","-2.9","5.6","753","-21.8",".327","95"
"2013","OAK","6209","9.2%","19.0%","0.49",".254",".327",".419",".745",".165","4.4",".289","3.3","7.8","-1.1","743","63.0",".327","108"
"2011","MIL","6113","7.9%","17.7%","0.44",".261",".325",".425",".750",".164","4.6",".293","-0.5","-0.6","1.4","736","49.2",".327","103"
"2014","LAD","6231","8.3%","20.0%","0.42",".265",".333",".406",".738",".140","5.1",".318","-3.9","0.6","2.9","745","75.8",".327","112"
"2016","TOR","6233","10.1%","21.9%","0.46",".248",".330",".426",".755",".178","3.7",".289","1.6","-8.2","-2.4","778","43.4",".327","104"
"2018","HOU","6146","9.2%","19.5%","0.47",".255",".329",".425",".754",".170","4.2",".289","1.2","-8.2","0.0","778","59.7",".327","110"
"2010","PHI","6291","8.9%","16.9%","0.53",".260",".332",".413",".745",".153","4.9",".292","1.2","3.6","8.5","747","24.3",".327","99"
"2016","CLE","6155","8.6%","20.2%","0.43",".262",".329",".430",".759",".168","5.1",".304","9.3","-4.3","10.8","767","41.7",".326","100"
"2010","TBR","6270","10.7%","20.6%","0.52",".247",".333",".403",".736",".156","5.6",".293","17.2","9.7","10.7","745","24.8",".326","106"
"2006","ARI","6330","8.0%","15.2%","0.52",".267",".331",".424",".755",".157","4.6",".294","-3.9","-2.6","-0.1","758","-36.5",".326","87"
"2007","STL","6211","8.1%","14.6%","0.56",".274",".337",".405",".743",".132","3.4",".303","1.4","-5.9","-8.2","737","-30.7",".326","94"
"2009","CHW","6132","8.7%","16.7%","0.52",".258",".329",".411",".740",".153","4.3",".285","-7.6","-3.5","-1.9","719","-15.7",".326","91"
"2007","TOR","6197","8.6%","16.8%","0.51",".259",".327",".419",".746",".160","3.9",".290","-8.9","0.4","-2.8","738","-28.6",".326","95"
"2007","LAD","6282","8.1%","13.8%","0.59",".275",".337",".406",".743",".131","4.8",".303","10.0","7.8","0.5","745","-32.3",".326","94"
"2017","STL","6219","9.5%","21.7%","0.44",".256",".334",".426",".760",".170","4.4",".304","2.5","0.3","-0.8","779","20.8",".326","101"
"2016","BAL","6089","7.7%","21.7%","0.35",".256",".317",".443",".760",".188","2.5",".291","6.0","1.1","-4.6","755","37.3",".326","103"
"2018","WSN","6288","10.0%","20.5%","0.49",".254",".335",".419",".753",".164","4.8",".297","-2.6","4.4","6.6","786","51.5",".325","101"
"2016","SEA","6227","8.1%","20.7%","0.39",".259",".326",".430",".756",".171","3.7",".297","-7.4","-2.5","-3.6","770","36.0",".325","108"
"2009","STL","6168","8.6%","16.9%","0.51",".263",".332",".415",".747",".152","4.3",".296","15.4","-0.2","-1.8","721","-18.4",".325","98"
"2019","NYM","6290","8.2%","22.0%","0.37",".257",".328",".442",".770",".185","3.8",".299","-10.7","-2.5","-3.8","817","25.8",".325","104"
"2014","TOR","6167","8.1%","18.7%","0.44",".259",".323",".414",".736",".155","4.2",".295","-1.9","-0.2","2.1","734","71.2",".325","107"
"2010","ARI","6183","9.5%","24.7%","0.39",".250",".325",".416",".740",".166","4.5",".312","-6.8","2.2","-3.7","727","17.0",".325","93"
"2017","CIN","6213","9.1%","21.4%","0.43",".253",".329",".433",".761",".179","5.0",".294","-14.0","4.9","3.8","774","16.7",".325","95"
"2013","LAA","6260","8.4%","19.5%","0.43",".264",".329",".414",".743",".150","4.5",".307","-1.5","-6.2","-2.0","741","54.6",".325","109"
"2018","COL","6178","8.2%","22.6%","0.36",".256",".322",".435",".757",".179","5.2",".304","3.1","-2.0","2.1","769","47.3",".325","88"
"2011","KCR","6267","7.1%","16.1%","0.44",".275",".329",".415",".744",".140","5.2",".311","-2.6","1.0","2.3","746","42.4",".325","101"
"2007","HOU","6324","8.6%","16.5%","0.52",".260",".330",".412",".742",".152","4.0",".291","-7.9","-3.8","-6.2","742","-39.8",".325","92"
"2006","SDP","6287","9.0%","17.6%","0.51",".263",".332",".416",".749",".154","5.1",".299","-3.6","0.0","8.8","748","-41.4",".325","99"
"2015","HOU","6073","8.0%","22.9%","0.35",".250",".315",".437",".752",".187","4.7",".292","1.1","4.3","2.7","739","55.8",".325","108"
"2017","MIA","6248","7.8%","20.5%","0.38",".267",".331",".431",".761",".163","4.6",".313","-3.0","2.7","1.7","775","13.4",".325","101"
"2014","PIT","6224","8.4%","20.0%","0.42",".259",".330",".404",".734",".145","4.4",".307","8.3","-1.8","-2.7","733","64.0",".325","108"
"2008","LAA","6155","7.8%","16.0%","0.49",".268",".330",".413",".743",".145","4.7",".299","1.2","-3.7","1.5","722","-19.4",".324","96"
"2009","CHC","6244","9.5%","19.0%","0.50",".255",".332",".407",".738",".152","3.8",".296","-5.1","-1.1","-7.0","722","-26.3",".324","90"
"2008","ARI","6156","9.5%","20.9%","0.46",".251",".327",".415",".742",".164","4.6",".299","8.5","5.5","-1.9","715","-25.7",".324","88"
"2013","COL","6152","6.9%","19.6%","0.35",".270",".323",".418",".741",".149","5.0",".317","9.8","2.6","5.0","719","45.2",".324","87"
"2013","CLE","6165","9.1%","20.8%","0.44",".255",".327",".410",".737",".155","4.6",".300","-0.1","7.3","4.3","725","49.4",".324","104"
"2012","WSN","6221","7.7%","21.3%","0.36",".261",".322",".428",".750",".166","4.6",".308","-7.9","3.1","0.7","751","41.2",".324","101"
"2016","TEX","6089","7.2%","20.0%","0.36",".262",".322",".433",".755",".172","4.4",".298","-3.1","3.3","1.8","747","29.1",".324","95"
"2019","MIL","6309","10.0%","24.8%","0.40",".246",".329",".438",".767",".192","4.4",".296","0.4","-0.6","6.1","814","20.3",".324","98"
"2013","TBR","6242","9.4%","18.8%","0.50",".257",".329",".408",".737",".151","3.7",".295","10.6","-2.8","-5.3","733","48.8",".324","107"
"2011","COL","6275","8.8%","19.1%","0.46",".258",".329",".410",".739",".152","5.0",".300","-3.6","0.2","1.6","739","34.0",".324","88"
"2015","DET","6159","7.4%","20.4%","0.36",".270",".328",".420",".748",".150","4.6",".322","-13.9","-7.4","-6.3","744","51.8",".324","103"
"2009","ARI","6269","9.1%","20.7%","0.44",".253",".324",".418",".742",".165","5.0",".299","3.2","10.0","-0.1","723","-28.8",".324","89"
"2013","BAL","6144","6.8%","18.3%","0.37",".260",".313",".431",".744",".171","3.9",".288","6.5","7.3","0.0","719","45.3",".323","101"
"2012","ARI","6150","8.8%","20.6%","0.43",".259",".328",".418",".746",".159","4.6",".307","-1.2","3.8","-8.2","736","34.1",".323","97"
"2006","KCR","6229","7.6%","16.7%","0.46",".271",".332",".411",".743",".140","4.5",".311","7.0","0.1","-4.1","736","-45.7",".323","92"
"2015","NYY","6268","8.8%","19.6%","0.45",".251",".323",".421",".744",".170","3.9",".283","-5.4","8.5","-0.1","754","49.0",".323","103"
"2013","TEX","6196","7.5%","17.2%","0.43",".262",".323",".412",".735",".150","4.8",".294","-2.4","-2.5","6.9","722","43.0",".323","97"
"2010","KCR","6209","7.6%","14.6%","0.52",".274",".331",".399",".730",".126","4.4",".305","-19.6","-6.8","-2.0","721","8.0",".323","98"
"2014","BAL","6130","6.5%","21.0%","0.31",".256",".311",".422",".734",".166","3.6",".296","-4.4","2.1","-3.9","717","58.4",".323","104"
"2017","OAK","6126","9.2%","24.3%","0.38",".246",".319",".436",".755",".190","3.8",".294","-3.7","-0.4","-1.4","756","8.9",".323","103"
"2006","SEA","6213","6.5%","15.7%","0.41",".272",".325",".424",".749",".153","5.0",".300","-3.2","4.4","2.8","731","-48.7",".322","95"
"2006","MIL","6130","8.2%","20.1%","0.41",".258",".327",".420",".747",".162","3.9",".300","5.9","-3.3","-4.1","715","-54.2",".322","89"
"2018","TBR","6195","8.7%","22.4%","0.39",".258",".333",".406",".740",".148","5.2",".317","-1.3","0.0","1.0","761","37.4",".322","107"
"2013","STL","6202","7.8%","17.9%","0.43",".269",".332",".401",".733",".133","3.8",".314","4.3","-8.6","-4.8","715","35.1",".322","104"
"2018","MIL","6210","8.6%","23.5%","0.37",".252",".323",".424",".747",".172","4.9",".302","2.9","-2.9","8.2","760","34.4",".322","100"
"2008","HOU","6051","7.4%","17.4%","0.43",".263",".323",".415",".737",".152","4.4",".296","4.2","-0.8","-3.0","695","-33.4",".322","93"
"2008","TOR","6191","8.4%","15.2%","0.56",".264",".331",".399",".731",".135","4.4",".295","-7.3","-4.1","0.5","711","-34.6",".322","94"
"2015","LAD","6090","9.2%","20.7%","0.45",".250",".326",".413",".739",".163","3.8",".292","-10.2","-0.7","-4.4","722","37.5",".322","106"
"2007","PIT","6214","7.5%","18.3%","0.41",".263",".325",".411",".736",".149","4.2",".303","-4.4","-1.9","-4.1","715","-52.9",".322","90"
"2011","CIN","6329","8.5%","19.8%","0.43",".256",".326",".408",".734",".152","4.1",".297","10.2","4.3","-5.8","735","24.2",".322","99"
"2010","STL","6241","8.7%","16.5%","0.53",".263",".332",".402",".733",".139","4.0",".296","7.2","0.0","-5.4","720","2.8",".322","99"
"2017","NYM","6169","8.6%","20.9%","0.41",".250",".320",".434",".755",".184","4.0",".286","-10.4","0.8","-1.7","753","1.4",".322","101"
"2016","WSN","6201","8.6%","20.2%","0.43",".256",".326",".426",".751",".170","4.9",".293","5.8","5.2","5.0","744","13.7",".322","96"
"2011","ARI","6096","8.7%","20.5%","0.43",".250",".322",".413",".736",".163","5.1",".294","0.3","8.8","-0.1","710","25.4",".322","97"
"2006","HOU","6326","9.2%","17.0%","0.54",".255",".332",".409",".741",".154","4.2",".286","5.3","2.6","-2.2","734","-60.1",".322","90"
"2012","CHW","6111","7.5%","19.7%","0.38",".255",".318",".422",".740",".167","4.7",".289","-4.7","-0.5","-1.8","728","31.1",".322","98"
"2016","ARI","6260","7.4%","22.8%","0.32",".261",".320",".432",".752",".171","5.9",".315","8.4","-2.2","11.5","751","13.8",".321","93"
"2008","LAD","6194","8.8%","16.7%","0.53",".264",".333",".399",".732",".134","4.7",".301","9.1","-6.9","2.9","705","-40.9",".321","93"
"2017","TEX","6122","8.9%","24.4%","0.36",".244",".320",".430",".750",".186","4.6",".291","3.4","2.5","0.4","747","1.1",".321","90"
"2017","MIL","6135","8.9%","25.6%","0.35",".249",".322",".429",".751",".180","4.8",".308","-1.5","-0.8","4.7","745","-2.8",".321","94"
"2015","BOS","6237","7.7%","18.4%","0.42",".265",".325",".415",".740",".149","4.3",".305","0.7","0.0","0.7","740","38.7",".321","99"
"2015","COL","6071","6.4%","21.1%","0.30",".265",".315",".432",".748",".167","5.1",".313","5.8","-1.0","-0.1","717","34.6",".321","87"
"2017","SEA","6166","7.9%","20.5%","0.38",".259",".325",".424",".749",".165","4.2",".300","-10.7","-1.2","-0.7","751","-0.2",".321","103"
"2017","DET","6150","8.2%","21.3%","0.38",".258",".324",".424",".748",".166","4.3",".306","-12.7","-2.0","-5.1","749","-0.2",".321","98"
"2014","LAA","6284","7.8%","20.1%","0.39",".259",".322",".406",".728",".147","4.4",".305","0.1","5.3","-4.1","726","50.9",".321","110"
"2018","CHC","6369","9.0%","21.8%","0.41",".258",".333",".410",".744",".152","4.3",".313","3.5","4.8","-6.1","772","27.2",".321","100"
"2019","TBR","6285","8.6%","23.8%","0.36",".254",".325",".431",".757",".178","4.5",".306","4.3","4.6","-0.5","795","3.9",".321","103"
"2015","TEX","6187","8.1%","19.9%","0.41",".257",".325",".413",".739",".156","4.7",".300","10.9","8.7","2.0","732","35.7",".321","98"
"2009","OAK","6247","8.4%","16.7%","0.50",".262",".328",".397",".726",".135","4.7",".298","8.2","2.2","2.4","705","-43.6",".320","94"
"2009","NYM","6159","8.5%","15.1%","0.57",".270",".335",".394",".729",".124","5.1",".307","-1.2","-6.1","1.9","691","-46.8",".320","94"
"2013","TOR","6152","8.3%","18.3%","0.45",".252",".318",".411",".729",".158","4.4",".284","5.0","-2.8","1.6","704","29.6",".320","99"
"2007","ARI","6101","8.7%","18.2%","0.48",".250",".321",".413",".734",".163","5.1",".282","1.4","0.5","6.9","692","-62.1",".320","82"
"2006","CHC","6147","6.4%","15.1%","0.43",".268",".319",".422",".741",".154","5.0",".294","2.4","-4.0","0.6","705","-66.8",".320","84"
"2011","BAL","6156","7.3%","18.2%","0.40",".257",".316",".413",".729",".156","3.9",".288","-2.4","-10.0","1.1","709","17.6",".320","96"
"2010","SFG","6143","7.9%","17.9%","0.44",".257",".321",".408",".729",".151","3.9",".293","-1.3","-10.8","-6.2","692","-13.8",".320","98"
"2006","SFG","6136","8.1%","14.5%","0.55",".259",".324",".422",".746",".163","4.7",".282","-11.0","-3.4","-1.4","706","-64.0",".320","88"
"2007","SDP","6326","8.8%","19.4%","0.45",".251",".322",".411",".732",".160","4.0",".291","2.9","4.5","-4.1","717","-64.8",".320","96"
"2011","TBR","6152","9.3%","19.4%","0.48",".244",".322",".402",".724",".159","5.2",".281","2.9","6.2","1.3","707","16.1",".319","103"
"2011","NYM","6335","9.0%","17.1%","0.53",".264",".335",".391",".725",".127","5.1",".307","1.2","3.5","6.4","723","11.0",".319","102"
"2019","ARI","6315","8.6%","21.5%","0.40",".252",".323",".434",".757",".182","5.1",".293","11.4","-1.5","8.4","787","-8.2",".319","93"
"2011","TOR","6210","8.5%","19.1%","0.44",".249",".317",".413",".730",".164","5.1",".283","8.5","3.0","0.6","714","16.6",".319","97"
"2019","CLE","6124","9.2%","21.8%","0.42",".250",".323",".432",".756",".183","4.5",".289","2.8","-0.8","2.3","765","-5.3",".319","95"
"2015","ARI","6276","7.8%","20.9%","0.37",".264",".324",".414",".738",".150","5.3",".316","11.2","-4.9","6.2","732","26.0",".319","95"
"2018","ATL","6251","8.2%","20.6%","0.40",".257",".324",".417",".742",".161","4.5",".302","11.0","1.8","-0.2","747","16.9",".319","97"
"2008","CIN","6188","9.0%","18.2%","0.50",".247",".321",".408",".729",".161","3.9",".278","2.6","5.2","-6.7","691","-53.6",".319","87"
"2018","TOR","6076","8.2%","22.8%","0.36",".244",".312",".427",".739",".183","3.5",".286","-19.3","-1.8","-6.0","729","19.3",".319","101"
"2016","PIT","6261","9.0%","21.3%","0.42",".257",".332",".402",".734",".144","4.6",".311","-8.3","1.6","0.0","736","-2.2",".318","97"
"2010","FLA","6194","8.3%","22.2%","0.37",".254",".321",".403",".724",".149","4.9",".309","14.5","4.5","3.5","694","-17.9",".318","92"
"2017","BAL","6140","6.4%","23.0%","0.28",".260",".312",".435",".747",".175","3.2",".306","-6.8","-5.5","-2.6","735","-13.8",".318","95"
"2015","SFG","6153","7.4%","18.8%","0.39",".267",".326",".406",".732",".139","4.7",".313","5.0","-6.9","1.5","713","20.9",".318","104"
"2013","ATL","6133","8.8%","22.6%","0.39",".249",".321",".402",".723",".153","3.7",".300","-1.9","0.4","-4.2","689","17.3",".318","102"
"2015","KCR","6116","6.3%","15.9%","0.39",".269",".322",".412",".734",".144","5.1",".301","-3.3","-1.6","4.6","711","22.7",".318","99"
"2010","CHC","6140","7.8%","20.1%","0.39",".257",".320",".401",".721",".145","3.9",".304","-2.8","-1.6","-5.9","684","-21.3",".318","90"
"2009","KCR","6103","7.5%","17.9%","0.42",".259",".318",".405",".724",".146","5.0",".298","-18.3","-2.3","1.7","675","-56.4",".318","88"
"2007","MIN","6161","8.3%","13.6%","0.61",".264",".330",".391",".721",".127","4.8",".291","2.6","-4.4","4.4","689","-72.4",".317","91"
"2019","TEX","6204","8.6%","25.4%","0.34",".248",".319",".431",".750",".183","5.2",".304","2.2","3.2","6.6","766","-14.9",".317","88"
"2013","LAD","6145","7.7%","18.6%","0.42",".264",".326",".396",".722",".133","3.9",".308","-8.8","1.2","-0.4","685","11.8",".317","103"
"2016","MIN","6245","8.2%","22.8%","0.36",".251",".316",".421",".738",".171","4.7",".300","-1.4","7.3","1.9","729","-6.5",".317","95"
"2018","CIN","6240","9.0%","22.1%","0.41",".254",".328",".401",".729",".148","4.1",".307","1.2","-1.3","-1.8","737","7.3",".317","94"
"2008","PIT","6278","7.6%","16.5%","0.46",".258",".320",".403",".723",".145","4.0",".290","-4.7","5.3","-0.5","691","-64.5",".317","89"
"2016","HOU","6204","8.9%","23.4%","0.38",".247",".319",".417",".735",".170","4.5",".298","-0.3","-4.3","-0.8","724","-7.4",".317","101"
"2014","WSN","6216","8.3%","21.0%","0.40",".253",".321",".393",".714",".140","4.7",".303","7.6","1.8","5.9","694","25.9",".317","99"
"2012","BAL","6160","7.8%","21.3%","0.37",".247",".311",".417",".728",".170","3.7",".286","-3.9","-7.1","-6.1","708","5.4",".317","96"
"2019","LAA","6251","9.4%","20.4%","0.46",".247",".324",".422",".746",".175","4.0",".281","-2.0","-5.2","1.1","770","-17.2",".316","97"
"2007","CHW","6103","8.7%","18.8%","0.46",".246",".318",".404",".722",".158","3.8",".278","-2.8","-4.4","-8.5","679","-75.8",".316","86"
"2006","TBD","6041","7.3%","18.3%","0.40",".255",".314",".420",".733",".165","4.8",".285","-2.8","2.7","2.0","679","-78.7",".316","89"
"2014","MIN","6233","8.7%","21.3%","0.41",".254",".324",".389",".713",".135","4.6",".309","10.4","10.0","0.5","700","30.7",".316","100"
"2017","BOS","6338","9.0%","19.3%","0.47",".258",".329",".407",".736",".149","4.5",".300","1.5","-0.8","4.2","748","-24.2",".316","91"
"2012","BOS","6166","6.9%","19.4%","0.36",".260",".315",".415",".730",".155","4.2",".301","-4.4","6.2","0.8","710","6.0",".316","95"
"2018","STL","6200","8.5%","22.3%","0.38",".249",".321",".409",".730",".160","3.7",".294","8.6","8.3","-4.0","727","2.2",".316","99"
"2017","ATL","6216","7.6%","19.0%","0.40",".263",".326",".412",".738",".150","4.3",".305","9.1","-3.4","-1.4","723","-34.8",".316","89"
"2017","TBR","6147","8.9%","25.0%","0.35",".245",".317",".422",".739",".178","4.5",".296","7.7","3.9","-0.4","722","-27.4",".316","99"
"2013","CIN","6293","9.3%","19.8%","0.47",".249",".327",".391",".718",".142","3.7",".293","3.6","-0.3","-5.3","692","2.7",".316","96"
"2015","CLE","6109","8.7%","18.9%","0.46",".256",".325",".401",".725",".144","4.4",".299","3.6","1.1","3.4","699","12.3",".315","97"
"2016","MIL","6061","9.9%","25.5%","0.39",".244",".322",".407",".729",".163","4.8",".304","-3.0","-1.8","10.0","695","-19.1",".315","92"
"2011","PHI","6279","8.6%","16.3%","0.53",".253",".323",".395",".717",".142","4.9",".283","-3.7","2.9","4.3","697","-8.2",".315","96"
"2008","KCR","6118","6.4%","16.4%","0.39",".269",".320",".397",".717",".128","4.3",".307","-1.9","-3.4","-4.2","668","-68.1",".315","87"
"2015","BAL","6007","7.0%","22.2%","0.31",".250",".307",".421",".728",".171","3.6",".291","-2.2","0.9","-3.6","684","8.3",".315","97"
"2009","HOU","6040","7.4%","16.4%","0.45",".260",".319",".400",".719",".140","4.5",".293","-6.2","-12.2","0.4","651","-72.9",".315","89"
"2007","WSN","6201","8.5%","18.2%","0.46",".256",".325",".390",".715",".134","4.2",".300","-4.0","-5.8","-1.0","677","-89.5",".315","88"
"2016","NYM","6115","8.5%","21.3%","0.40",".246",".316",".417",".733",".171","3.4",".282","-7.8","1.3","-2.1","699","-21.1",".315","99"
"2018","TEX","6163","9.0%","24.1%","0.37",".240",".318",".404",".722",".164","4.3",".292","6.9","3.3","-3.0","718","-2.0",".315","89"
"2016","SFG","6271","9.1%","17.7%","0.52",".258",".329",".398",".728",".140","4.7",".299","-4.3","3.9","-2.4","717","-22.1",".315","96"
"2006","PIT","6218","7.4%","19.3%","0.38",".263",".327",".397",".723",".134","4.0",".310","2.1","-5.6","1.3","686","-94.3",".315","86"
"2015","WSN","6117","8.8%","22.0%","0.40",".251",".321",".403",".724",".151","3.5",".300","-0.8","-1.0","-0.5","691","2.7",".315","96"
"2016","TBR","6046","7.4%","24.5%","0.30",".243",".307",".426",".733",".182","4.1",".293","-0.4","6.1","-6.1","694","-18.2",".315","98"
"2016","LAD","6164","8.5%","21.4%","0.40",".249",".319",".409",".728",".160","3.5",".294","5.8","1.1","-4.9","705","-21.7",".314","97"
"2019","PHI","6261","9.0%","23.2%","0.39",".246",".319",".427",".746",".181","4.6",".293","4.9","4.2","4.7","755","-33.1",".314","92"
"2012","SFG","6200","7.8%","17.7%","0.44",".269",".327",".397",".724",".128","5.6",".315","7.0","4.7","1.3","700","-8.1",".314","101"
"2011","CLE","6142","8.0%","20.7%","0.39",".250",".317",".396",".714",".146","4.4",".297","3.2","1.2","-4.0","681","-9.2",".314","99"
"2019","STL","6167","9.1%","23.0%","0.40",".245",".322",".415",".737",".170","5.0",".292","5.8","1.2","7.4","741","-35.4",".314","94"
"2019","SEA","6199","9.5%","25.5%","0.37",".237",".316",".424",".740",".187","4.7",".287","6.8","7.2","-0.6","749","-31.5",".314","98"
"2016","LAA","6041","7.8%","16.4%","0.48",".260",".322",".405",".726",".145","4.0",".289","-10.4","-3.8","-2.6","691","-20.4",".314","99"
"2016","CHW","6131","7.4%","21.0%","0.35",".257",".317",".410",".727",".153","4.4",".304","-1.3","1.4","-2.6","701","-21.4",".314","97"
"2012","CIN","6115","7.9%","20.7%","0.38",".251",".315",".411",".726",".159","4.4",".296","9.2","3.7","0.6","688","-9.6",".314","93"
"2013","ARI","6334","8.2%","18.0%","0.45",".259",".323",".391",".715",".133","3.8",".301","-1.1","-8.8","-8.6","690","-3.8",".314","93"
"2011","CHC","6130","6.9%","19.6%","0.35",".256",".314",".401",".715",".144","4.5",".301","-15.7","-1.6","-0.4","671","-17.9",".314","91"
"2011","LAA","6088","7.3%","17.8%","0.41",".253",".313",".402",".714",".149","4.8",".288","1.8","-7.1","1.5","670","-14.2",".313","98"
"2015","CHC","6200","9.1%","24.5%","0.37",".244",".321",".398",".719",".154","4.4",".305","6.0","7.5","1.6","695","-2.6",".313","96"
"2018","LAA","6108","8.4%","21.3%","0.40",".242",".313",".413",".726",".171","4.6",".277","-2.4","-0.3","5.5","709","-4.4",".313","98"
"2018","MIN","6154","8.7%","21.6%","0.40",".250",".318",".405",".723",".155","3.7",".298","0.4","5.3","-5.1","711","-7.9",".313","96"
"2015","TBR","6071","7.2%","21.6%","0.33",".252",".314",".406",".720",".154","4.2",".300","-9.8","-0.6","-3.0","682","-1.0",".313","100"
"2014","CLE","6222","8.1%","19.1%","0.42",".253",".317",".389",".706",".136","4.4",".296","5.2","-0.3","5.0","683","14.0",".313","98"
"2017","CHW","6059","6.6%","23.1%","0.29",".256",".314",".417",".731",".161","4.5",".309","2.4","-1.9","-2.4","698","-41.0",".313","95"
"2010","WSN","6100","8.2%","20.0%","0.41",".250",".318",".390",".708",".140","4.5",".294","-11.9","-0.4","1.0","657","-43.1",".313","90"
"2019","PIT","6228","6.8%","19.5%","0.35",".265",".321",".420",".741",".156","4.5",".309","-1.1","-0.6","-2.9","744","-39.6",".313","92"
"2010","OAK","6117","8.6%","17.3%","0.50",".256",".324",".378",".702",".122","5.1",".297","8.8","-2.2","11.2","663","-39.8",".313","95"
"2009","CIN","6187","8.6%","18.2%","0.47",".247",".318",".394",".712",".147","4.4",".282","1.1","5.4","-1.3","652","-89.3",".313","84"
"2012","MIN","6209","8.1%","17.2%","0.47",".260",".325",".390",".715",".130","4.9",".298","2.5","-7.1","5.3","698","-10.8",".313","95"
"2015","SEA","6131","7.8%","21.8%","0.36",".249",".311",".411",".722",".162","3.6",".292","-18.6","2.1","-6.6","686","-3.3",".313","100"
"2015","PIT","6285","7.3%","21.0%","0.35",".260",".323",".396",".719",".136","4.4",".314","3.2","1.3","-1.0","698","-8.4",".313","97"
"2018","SEA","6087","7.1%","20.1%","0.35",".254",".314",".408",".722",".154","4.2",".295","-1.7","-2.6","-2.7","700","-11.0",".313","100"
"2009","SEA","6113","6.9%","17.9%","0.39",".258",".314",".402",".716",".144","4.0",".293","-4.8","0.0","0.3","651","-81.4",".313","89"
"2014","MIL","6065","7.0%","19.7%","0.35",".250",".311",".397",".708",".147","4.5",".293","-2.2","-9.0","-0.9","656","4.2",".313","94"
"2014","CHW","6077","6.9%","22.4%","0.31",".253",".310",".398",".708",".146","4.3",".306","-9.5","-1.8","-1.8","664","11.4",".312","99"
"2007","KCR","6140","7.0%","17.4%","0.40",".261",".322",".388",".710",".126","4.9",".305","11.6","-5.0","-8.2","663","-96.6",".312","85"
"2018","PIT","6066","7.8%","20.3%","0.39",".254",".317",".407",".725",".154","4.4",".298","-4.1","-4.3","-4.9","693","-15.6",".312","95"
"2017","KCR","6027","6.5%","19.3%","0.33",".259",".311",".420",".731",".160","4.3",".295","9.2","-8.3","1.6","690","-44.9",".312","91"
"2011","CHW","6159","7.7%","16.1%","0.48",".252",".319",".388",".706",".136","3.5",".280","0.0","0.2","-10.1","673","-19.3",".312","90"
"2019","CIN","6100","8.1%","23.5%","0.34",".244",".315",".422",".736",".178","4.2",".288","-10.0","-3.1","-3.6","722","-46.2",".312","87"
"2013","PIT","6135","7.6%","21.7%","0.35",".245",".313",".396",".709",".151","4.6",".294","4.2","-0.2","-2.2","658","-14.5",".312","99"
"2017","TOR","6154","8.8%","21.6%","0.41",".240",".312",".412",".724",".172","3.1",".276","-8.2","-4.5","-3.1","701","-49.5",".312","93"
"2014","OAK","6245","9.4%","17.7%","0.53",".244",".320",".381",".700",".137","4.6",".278","3.8","3.9","3.3","677","6.5",".312","102"
"2013","WSN","6047","7.7%","19.7%","0.39",".251",".313",".398",".710",".146","4.4",".292","2.0","-0.9","2.0","645","-17.2",".311","94"
"2010","CLE","6165","8.8%","19.2%","0.46",".248",".322",".378",".700",".130","4.1",".293","2.3","-1.3","0.3","661","-47.0",".311","94"
"2008","SDP","6244","8.3%","20.2%","0.41",".250",".317",".390",".707",".140","3.4",".294","-1.3","1.0","-3.9","661","-90.4",".311","92"
"2012","PHI","6172","7.4%","17.7%","0.41",".255",".317",".400",".716",".144","4.9",".290","1.5","1.6","7.6","683","-21.4",".311","93"
"2012","TBR","6105","9.4%","21.7%","0.43",".240",".317",".394",".711",".155","4.9",".284","0.4","-3.9","2.8","678","-18.6",".311","100"
"2011","FLA","6232","8.7%","20.0%","0.44",".247",".318",".388",".706",".142","4.2",".291","3.0","1.6","-2.5","671","-28.7",".311","92"
"2016","CIN","6094","7.4%","21.1%","0.35",".256",".316",".408",".724",".152","5.2",".303","-4.5","-3.6","3.8","678","-40.1",".311","89"
"2013","MIL","6064","6.7%","19.5%","0.34",".252",".311",".398",".708",".145","5.1",".294","-13.1","1.9","4.3","647","-17.8",".311","91"
"2012","TOR","6094","7.8%","20.5%","0.38",".245",".309",".407",".716",".161","4.6",".281","0.1","0.3","2.1","676","-19.4",".311","92"
"2012","KCR","6149","6.6%","16.8%","0.39",".265",".317",".400",".716",".135","5.2",".302","-8.5","-3.7","4.8","683","-19.2",".311","94"
"2012","OAK","6183","8.9%","22.4%","0.40",".238",".310",".404",".714",".166","5.1",".281","9.3","4.7","5.4","686","-20.0",".311","97"
"2015","STL","6139","8.2%","20.6%","0.40",".253",".321",".394",".716",".142","4.2",".303","4.2","0.6","-3.9","676","-14.7",".311","97"
"2016","NYY","6058","7.8%","19.6%","0.40",".252",".314",".405",".720",".153","4.0",".289","8.6","-0.2","2.2","676","-37.5",".311","92"
"2008","SEA","6176","6.8%","14.4%","0.47",".265",".318",".389",".707",".124","4.2",".294","-6.8","-2.6","0.5","653","-90.2",".310","90"
"2017","PHI","6133","8.1%","23.1%","0.35",".250",".315",".409",".723",".159","4.3",".304","-5.8","-1.4","-2.3","690","-57.2",".310","87"
"2008","WSN","6192","8.6%","17.7%","0.49",".251",".323",".373",".696",".122","4.1",".292","-2.6","-8.1","-6.1","648","-97.2",".310","84"
"2010","LAA","6089","7.7%","17.6%","0.44",".248",".311",".390",".702",".142","4.3",".281","-2.7","-1.6","-4.5","645","-54.7",".310","94"
"2010","BAL","6109","6.9%","17.3%","0.40",".259",".316",".386",".702",".127","3.8",".296","-7.5","-10.5","-3.0","648","-53.7",".310","87"
"2009","PIT","6058","8.2%","18.9%","0.44",".252",".318",".387",".705",".135","4.6",".296","-4.1","-3.0","0.9","629","-97.4",".310","86"
"2012","CLE","6195","9.0%","17.5%","0.51",".251",".324",".381",".705",".131","4.2",".288","-7.9","-3.2","-2.5","682","-25.4",".310","97"
"2012","ATL","6126","9.3%","21.0%","0.44",".247",".320",".389",".709",".142","4.6",".296","3.9","2.4","0.9","668","-31.1",".310","92"
"2007","SFG","6213","8.6%","14.6%","0.59",".254",".322",".387",".708",".133","5.0",".281","-1.6","-7.9","4.8","656","-112.8",".310","81"
"2019","TOR","6091","8.4%","24.9%","0.34",".236",".305",".428",".733",".192","3.8",".280","-5.7","0.0","-1.3","712","-54.3",".310","92"
"2009","SDP","6179","9.5%","19.1%","0.50",".242",".321",".381",".701",".138","4.2",".284","-4.9","-5.9","0.4","639","-101.8",".309","93"
"2016","MIA","6133","7.3%","19.8%","0.37",".263",".322",".394",".716",".131","4.4",".314","5.3","-2.3","-0.6","675","-48.1",".309","95"
"2008","SFG","6145","7.4%","17.0%","0.43",".262",".321",".382",".703",".120","4.7",".305","-6.1","-7.6","-1.7","638","-101.2",".309","83"
"2010","LAD","6140","8.7%","19.3%","0.45",".252",".322",".379",".700",".127","4.3",".299","8.2","-0.6","-6.3","640","-65.3",".309","92"
"2015","NYM","6145","7.9%","21.0%","0.38",".244",".312",".400",".712",".156","3.6",".287","8.9","-0.4","-2.3","669","-22.0",".309","98"
"2019","CHW","6042","6.3%","25.6%","0.24",".261",".314",".414",".728",".153","3.9",".329","6.0","2.0","-2.7","703","-57.4",".309","92"
"2013","SFG","6168","7.6%","17.5%","0.44",".260",".320",".381",".702",".121","4.3",".304","-0.5","-1.8","-1.8","644","-31.4",".309","100"
"2014","SFG","6087","7.0%","20.5%","0.34",".255",".311",".388",".699",".133","4.3",".304","2.4","2.4","-4.3","642","-11.9",".308","99"
"2015","OAK","6171","7.7%","18.1%","0.42",".251",".312",".395",".707",".144","4.9",".288","-4.3","1.9","1.4","668","-26.1",".308","95"
"2019","BAL","6189","7.5%","23.2%","0.32",".246",".310",".415",".725",".168","4.5",".293","1.8","-0.5","0.7","714","-65.4",".308","90"
"2014","STL","6086","7.7%","18.6%","0.42",".253",".320",".369",".689",".116","3.6",".300","-2.2","-7.0","-6.3","639","-15.1",".308","95"
"2014","HOU","6055","8.2%","23.8%","0.34",".242",".309",".383",".692",".141","4.4",".298","-2.0","0.5","5.1","640","-11.0",".308","98"
"2018","PHI","6136","9.5%","24.8%","0.38",".234",".314",".393",".707",".158","4.4",".289","-0.9","4.1","-0.3","677","-40.4",".307","91"
"2016","KCR","6052","6.3%","20.2%","0.31",".261",".312",".400",".712",".139","4.9",".309","-5.6","-5.4","6.7","657","-55.8",".307","89"
"2014","MIA","6185","8.1%","22.9%","0.35",".253",".317",".378",".694",".125","4.2",".316","0.4","-4.1","-1.9","647","-17.7",".307","95"
"2015","CIN","6196","8.0%","20.3%","0.40",".248",".312",".394",".706",".146","4.7",".290","0.2","1.6","9.1","664","-33.2",".307","91"
"2013","SEA","6172","8.6%","21.9%","0.39",".237",".306",".390",".695",".152","3.4",".279","-5.2","2.2","-3.9","642","-34.5",".307","95"
"2017","LAA","6073","8.6%","19.7%","0.44",".243",".315",".397",".712",".155","4.5",".277","1.2","-4.8","5.0","669","-71.2",".307","92"
"2013","MIN","6212","8.6%","23.0%","0.37",".242",".312",".380",".692",".138","3.1",".298","0.1","8.5","-7.4","645","-35.4",".307","91"
"2010","NYM","6144","8.2%","17.8%","0.46",".249",".314",".383",".697",".134","5.0",".287","4.6","2.1","3.9","632","-73.7",".307","89"
"2011","LAD","6094","8.2%","17.8%","0.46",".257",".322",".375",".697",".118","4.7",".299","1.4","4.8","4.0","638","-46.7",".307","95"
"2012","SDP","6112","8.8%","20.3%","0.44",".247",".319",".380",".699",".133","5.5",".297","2.7","5.0","6.1","651","-46.2",".307","97"
"2012","NYM","6091","8.3%","20.5%","0.40",".249",".316",".386",".701",".137","3.9",".298","1.2","1.3","-5.7","647","-47.8",".306","94"
"2008","OAK","6138","9.4%","20.0%","0.47",".242",".318",".369",".686",".127","4.2",".289","5.3","2.4","4.7","626","-113.4",".306","86"
"2018","ARI","6157","9.1%","23.7%","0.38",".235",".310",".397",".707",".162","5.2",".286","3.4","1.4","2.3","672","-47.7",".306","88"
"2014","KCR","6058","6.3%","16.3%","0.39",".263",".314",".376",".690",".113","5.2",".302","-3.1","-3.6","11.5","630","-20.5",".306","92"
"2011","ATL","6169","8.2%","20.4%","0.40",".243",".308",".387",".695",".144","3.7",".284","1.8","0.4","-7.0","638","-55.4",".306","91"
"2014","NYY","6082","7.4%","18.6%","0.40",".245",".307",".380",".687",".135","4.7",".282","-5.6","1.6","7.2","631","-22.5",".305","94"
"2014","TEX","6026","6.9%","19.3%","0.36",".256",".314",".375",".689",".119","4.4",".305","14.1","-9.2","-6.7","625","-22.1",".305","90"
"2015","MIN","6017","7.3%","21.0%","0.35",".247",".305",".399",".704",".152","4.8",".292","-0.3","-1.7","-3.5","637","-39.7",".305","89"
"2009","SFG","6057","6.5%","19.1%","0.34",".257",".309",".389",".699",".132","4.7",".302","9.7","0.0","0.3","603","-123.1",".305","83"
"2015","LAA","5990","7.3%","19.2%","0.38",".246",".307",".396",".702",".150","3.6",".280","4.7","1.4","-5.6","633","-40.1",".305","95"
"2013","KCR","6093","6.9%","17.2%","0.40",".260",".315",".379",".694",".119","5.1",".300","6.9","-1.9","13.2","624","-43.5",".305","89"
"2014","TBR","6205","8.5%","18.1%","0.47",".247",".317",".367",".684",".120","3.6",".287","4.8","-0.5","-3.3","642","-24.7",".305","97"
"2018","NYM","6177","9.2%","22.7%","0.40",".234",".312",".389",".701",".154","4.3",".283","7.6","0.1","-5.1","670","-52.3",".305","94"
"2019","SDP","6019","8.4%","26.3%","0.32",".238",".308",".410",".718",".172","4.1",".293","-1.7","-4.3","-5.1","673","-84.6",".305","88"
"2014","BOS","6226","8.6%","21.5%","0.40",".244",".316",".369",".684",".124","3.7",".297","-3.4","-2.2","-2.5","644","-25.1",".305","89"
"2011","WSN","6090","7.7%","21.7%","0.36",".242",".309",".383",".691",".140","4.3",".292","1.7","0.8","1.2","624","-59.8",".305","89"
"2013","CHC","6079","7.2%","20.2%","0.36",".238",".300",".392",".693",".154","3.6",".275","-5.4","-2.3","-4.2","617","-48.7",".304","90"
"2017","PIT","6136","8.5%","19.8%","0.43",".244",".318",".386",".704",".142","4.3",".286","3.0","0.3","-5.5","657","-90.7",".304","85"
"2016","ATL","6192","8.1%","20.0%","0.40",".255",".321",".384",".705",".130","4.1",".305","-2.3","-1.6","-2.2","654","-75.4",".304","86"
"2010","SDP","6148","8.8%","19.2%","0.45",".246",".317",".371",".689",".125","4.7",".290","3.8","5.3","0.2","622","-84.4",".304","92"
"2018","CHW","6071","7.0%","26.3%","0.27",".241",".302",".401",".703",".160","5.0",".304","-7.2","0.3","-0.3","656","-53.3",".304","92"
"2015","MIL","6024","6.8%","21.6%","0.32",".251",".307",".393",".700",".142","4.7",".303","2.3","-3.6","2.8","626","-51.0",".304","87"
"2012","PIT","6014","7.4%","22.5%","0.33",".243",".304",".395",".699",".152","4.3",".291","8.0","3.8","-12.1","627","-59.1",".304","91"
"2013","PHI","6014","6.9%","20.0%","0.35",".248",".306",".384",".690",".135","4.2",".293","0.1","-6.2","-1.3","604","-55.1",".303","89"
"2018","KCR","6063","7.0%","21.6%","0.33",".245",".305",".392",".697",".146","4.7",".293","-8.8","-3.2","4.6","649","-59.6",".303","87"
"2014","CHC","6102","7.2%","24.2%","0.30",".239",".300",".385",".684",".146","4.1",".296","4.4","6.7","-7.1","618","-37.7",".303","91"
"2013","SDP","6122","7.6%","21.4%","0.36",".245",".308",".378",".686",".133","4.6",".294","0.7","2.5","5.6","612","-58.6",".302","94"
"2016","OAK","6022","7.3%","19.0%","0.39",".246",".304",".395",".699",".149","3.6",".280","-10.9","-8.9","-2.4","628","-81.7",".302","89"
"2019","KCR","6080","7.5%","23.1%","0.32",".247",".309",".401",".710",".154","5.1",".301","-4.6","-0.5","3.4","670","-95.7",".302","84"
"2012","LAD","6091","7.9%","19.0%","0.42",".252",".317",".374",".690",".122","4.2",".298","-0.1","-5.3","-3.2","624","-70.9",".302","90"
"2015","MIA","5988","6.3%","19.2%","0.33",".260",".310",".384",".694",".124","4.8",".307","1.2","-4.4","2.0","612","-61.7",".302","91"
"2011","OAK","6104","8.3%","17.9%","0.47",".244",".311",".369",".680",".125","4.7",".283","-7.5","-0.2","1.2","615","-70.5",".301","89"
"2011","HOU","6150","6.5%","18.9%","0.34",".258",".311",".374",".684",".116","4.7",".308","-7.4","1.4","5.4","616","-75.3",".301","88"
"2013","NYY","6044","7.7%","20.1%","0.38",".242",".307",".376",".683",".133","4.8",".285","-4.4","2.6","6.2","603","-59.4",".301","86"
"2012","MIA","6057","8.0%","20.3%","0.39",".244",".308",".382",".690",".138","5.2",".289","-5.6","0.7","7.4","615","-75.8",".300","87"
"2010","PIT","5974","7.8%","20.2%","0.38",".242",".304",".373",".678",".131","4.2",".288","-0.1","-4.5","-1.2","582","-103.7",".300","84"
"2015","CHW","6070","6.7%","20.3%","0.33",".250",".306",".380",".686",".130","4.0",".296","-9.8","0.2","-5.6","617","-65.9",".300","89"
"2014","ARI","6089","6.5%","19.1%","0.34",".248",".302",".376",".678",".127","4.9",".293","0.0","1.9","-0.4","601","-53.1",".300","83"
"2013","CHW","6077","6.8%","19.9%","0.34",".249",".302",".378",".680",".129","4.1",".291","-9.6","-3.1","0.0","597","-69.3",".299","85"
"2014","SEA","5977","6.6%","20.6%","0.32",".244",".300",".376",".676",".132","4.5",".290","3.7","1.2","-1.7","592","-49.9",".299","94"
"2014","NYM","6145","8.4%","20.6%","0.41",".239",".308",".364",".673",".126","4.3",".286","-3.2","0.8","2.0","603","-57.4",".299","92"
"2011","PIT","6064","8.1%","21.6%","0.37",".244",".309",".368",".676",".123","4.7",".301","-8.4","-2.8","-4.0","593","-87.8",".299","88"
"2018","BAL","6034","7.0%","23.4%","0.30",".239",".298",".391",".689",".152","3.8",".286","-6.3","-7.3","4.0","627","-77.6",".299","87"
"2015","PHI","6053","6.4%","21.0%","0.30",".249",".303",".382",".684",".133","4.7",".299","-3.3","-1.0","2.4","605","-75.5",".298","86"
"2015","SDP","6019","7.1%","22.0%","0.32",".243",".300",".385",".685",".142","4.7",".292","0.6","2.0","2.4","601","-76.1",".298","90"
"2013","HOU","6020","7.1%","25.5%","0.28",".240",".299",".375",".674",".136","4.1",".304","-2.7","-0.1","-6.1","583","-76.9",".298","85"
"2017","SDP","5954","7.7%","25.2%","0.31",".234",".299",".393",".692",".160","4.5",".287","1.5","4.6","0.6","604","-121.5",".298","82"
"2016","SDP","6000","7.5%","25.0%","0.30",".235",".299",".390",".689",".155","5.0",".291","16.6","4.5","3.7","600","-106.8",".297","84"
"2012","CHC","5967","7.5%","20.7%","0.36",".240",".302",".378",".680",".138","4.6",".286","3.4","-4.4","-5.0","591","-90.0",".297","81"
"2013","NYM","6207","8.2%","22.3%","0.37",".237",".306",".366",".672",".129","4.6",".291","14.9","3.7","4.4","594","-86.4",".297","90"
"2017","SFG","6137","7.6%","19.6%","0.39",".249",".309",".380",".689",".132","4.2",".294","6.7","-1.4","-2.7","620","-128.5",".296","83"
"2014","ATL","6064","7.8%","22.6%","0.34",".241",".305",".360",".665",".119","4.0",".298","-2.3","-3.3","1.2","583","-68.7",".296","86"
"2016","PHI","5992","7.1%","23.0%","0.31",".240",".301",".385",".685",".144","4.6",".292","3.0","0.1","-2.2","595","-111.5",".296","81"
"2015","ATL","6034","7.8%","18.3%","0.43",".251",".314",".359",".674",".108","3.7",".297","7.1","-7.8","-2.0","587","-91.8",".296","84"
"2012","HOU","6014","7.7%","22.7%","0.34",".236",".302",".371",".673",".135","4.3",".288","-9.1","-4.4","-3.4","588","-98.4",".296","82"
"2011","MIN","6020","7.3%","17.4%","0.42",".247",".306",".360",".666",".113","4.2",".288","-3.4","-1.0","-2.1","579","-97.4",".296","82"
"2018","DET","6029","7.1%","22.2%","0.32",".241",".300",".380",".680",".138","4.5",".293","5.2","2.7","-1.5","609","-95.5",".295","83"
"2011","SFG","6091","7.4%","18.4%","0.40",".242",".303",".368",".671",".126","3.7",".281","3.3","-1.8","-8.0","582","-102.7",".295","88"
"2010","HOU","6005","6.9%","17.1%","0.40",".247",".303",".362",".665",".115","4.3",".285","-0.4","-7.3","1.3","561","-128.5",".295","79"
"2014","PHI","6198","7.1%","21.1%","0.34",".242",".302",".363",".665",".121","4.7",".292","-3.9","7.8","6.7","592","-74.0",".295","86"
"2019","SFG","6170","7.7%","23.3%","0.33",".239",".302",".392",".694",".153","3.8",".290","-0.9","3.2","-5.7","641","-135.8",".295","82"
"2014","CIN","5978","6.9%","20.9%","0.33",".238",".296",".365",".661",".127","4.4",".284","-5.8","4.8","-0.2","565","-76.8",".294","83"
"2018","SDP","6059","7.8%","25.1%","0.31",".235",".297",".380",".677",".145","4.4",".294","-2.9","-3.9","1.1","601","-106.6",".294","84"
"2012","SEA","6057","7.7%","20.8%","0.37",".234",".296",".369",".665",".135","4.6",".276","-6.4","5.7","0.8","575","-116.5",".291","87"
"2011","SDP","6074","8.2%","21.7%","0.38",".237",".305",".349",".653",".112","5.4",".294","7.2","-0.5","11.5","552","-130.0",".290","86"
"2018","SFG","6113","7.3%","24.0%","0.31",".239",".300",".368",".667",".129","4.1",".299","-1.1","0.0","-1.8","585","-128.9",".290","82"
"2019","DET","6039","6.5%","26.4%","0.25",".240",".294",".388",".682",".148","4.4",".308","-7.4","0.7","-0.1","601","-158.9",".290","76"
"2018","MIA","6083","7.5%","22.8%","0.33",".237",".303",".357",".659",".119","3.5",".293","-7.2","-1.5","-7.1","581","-130.2",".289","83"
"2019","MIA","6045","6.5%","24.3%","0.27",".241",".298",".375",".673",".134","3.6",".300","-9.8","-9.1","-5.0","591","-170.1",".288","79"
"2010","SEA","5989","7.7%","19.8%","0.39",".236",".298",".339",".637",".104","4.2",".282","-10.8","1.4","8.4","513","-174.6",".285","79"
"2011","SEA","5972","7.3%","21.4%","0.34",".233",".292",".348",".640",".115","4.4",".283","-1.4","8.8","4.5","517","-154.2",".283","80"
"2014","SDP","5905","7.9%","21.9%","0.36",".226",".292",".342",".634",".115","4.3",".277","-0.4","-6.2","0.4","510","-124.5",".283","82"
"2013","MIA","6021","7.2%","20.5%","0.35",".231",".293",".335",".627",".104","4.1",".280","-1.0","-3.9","-0.3","493","-166.7",".279","74"
