"Season","Team","K/9","BB/9","K/BB","HR/9","K%","BB%","K-BB%","AVG","WHIP","BABIP","LOB%","ERA-","FIP-","xFIP-","ERA","FIP","E-F","xFIP","SIERA"
"2014","WSN","7.88","2.15","3.66","0.67","21.4%","5.8%","15.5%",".241","1.16",".294","74.9%","82","87","93","3.03","3.18","-0.15","3.43","3.36"
"2018","HOU","10.44","2.69","3.88","0.94","28.5%","7.4%","21.2%",".215","1.10",".283","77.9%","76","78","79","3.11","3.23","-0.12","3.36","3.27"
"2011","PHI","7.92","2.46","3.22","0.73","21.4%","6.7%","14.7%",".235","1.17",".286","77.5%","79","83","88","3.02","3.24","-0.22","3.41","3.35"
"2013","DET","8.79","2.84","3.09","0.79","23.3%","7.6%","15.8%",".244","1.25",".306","73.7%","89","82","87","3.61","3.27","0.35","3.43","3.36"
"2015","CHC","8.81","2.51","3.52","0.83","23.9%","6.8%","17.1%",".230","1.15",".287","72.7%","86","85","87","3.36","3.30","0.06","3.37","3.36"
"2017","CLE","10.08","2.54","3.98","1.02","27.5%","6.9%","20.6%",".234","1.16",".303","77.5%","72","75","77","3.30","3.33","-0.02","3.41","3.44"
"2011","SFG","8.07","3.43","2.35","0.59","21.5%","9.1%","12.3%",".228","1.24",".283","74.4%","89","90","95","3.21","3.33","-0.12","3.66","3.62"
"2015","PIT","8.08","2.74","2.95","0.66","21.5%","7.3%","14.2%",".245","1.24",".302","75.0%","84","88","92","3.23","3.36","-0.13","3.56","3.56"
"2013","STL","7.73","2.78","2.78","0.69","20.5%","7.4%","13.2%",".244","1.24",".297","74.5%","93","91","96","3.43","3.39","0.04","3.63","3.57"
"2015","LAD","8.69","2.46","3.53","0.90","23.5%","6.7%","16.9%",".239","1.18",".296","74.7%","92","89","86","3.46","3.41","0.05","3.33","3.33"
"2014","CLE","8.89","2.84","3.13","0.83","23.4%","7.5%","15.9%",".247","1.27",".309","73.2%","92","90","89","3.57","3.42","0.15","3.36","3.27"
"2013","PIT","7.72","3.15","2.45","0.62","20.5%","8.4%","12.1%",".234","1.23",".285","75.0%","91","93","95","3.27","3.42","-0.15","3.58","3.55"
"2013","ATL","7.65","2.54","3.01","0.79","20.6%","6.8%","13.7%",".240","1.20",".288","77.0%","86","94","95","3.18","3.44","-0.26","3.58","3.55"
"2013","LAD","8.02","2.85","2.81","0.79","21.4%","7.6%","13.8%",".239","1.23",".291","75.4%","91","92","93","3.25","3.45","-0.19","3.52","3.52"
"2015","WSN","8.42","2.28","3.69","0.91","22.5%","6.1%","16.4%",".246","1.21",".300","72.7%","92","90","92","3.62","3.45","0.17","3.58","3.50"
"2014","SDP","8.03","2.89","2.78","0.73","21.4%","7.7%","13.7%",".236","1.22",".289","74.9%","94","96","97","3.27","3.46","-0.19","3.57","3.55"
"2014","ATL","8.05","2.92","2.76","0.75","21.4%","7.8%","13.6%",".245","1.27",".300","75.0%","93","97","98","3.38","3.47","-0.09","3.63","3.61"
"2015","STL","8.17","2.93","2.79","0.76","21.7%","7.8%","13.9%",".242","1.25",".297","79.4%","77","91","96","2.94","3.48","-0.54","3.71","3.71"
"2014","LAD","8.44","2.64","3.20","0.87","22.6%","7.1%","15.5%",".239","1.21",".292","74.0%","98","96","90","3.40","3.48","-0.08","3.33","3.29"
"2011","ATL","8.10","3.17","2.56","0.76","21.4%","8.4%","13.0%",".236","1.25",".288","75.2%","92","93","92","3.49","3.49","0.00","3.54","3.49"
"2014","CHC","8.06","3.10","2.60","0.71","21.1%","8.1%","13.0%",".247","1.30",".304","69.6%","108","95","100","3.92","3.51","0.42","3.70","3.64"
"2012","TBR","8.53","2.89","2.95","0.86","23.1%","7.8%","15.2%",".225","1.17",".277","75.5%","82","86","87","3.19","3.51","-0.32","3.59","3.52"
"2015","NYM","8.23","2.36","3.49","0.94","22.1%","6.3%","15.8%",".239","1.18",".288","74.3%","93","91","93","3.45","3.53","-0.08","3.60","3.54"
"2012","WSN","8.12","3.05","2.67","0.79","21.6%","8.1%","13.5%",".232","1.22",".282","75.1%","84","92","97","3.34","3.54","-0.20","3.80","3.74"
"2013","WSN","7.69","2.52","3.05","0.88","20.5%","6.7%","13.8%",".245","1.23",".291","73.6%","95","95","97","3.59","3.55","0.03","3.64","3.58"
"2014","MIA","7.35","2.83","2.60","0.70","19.1%","7.4%","11.8%",".259","1.33",".310","71.9%","105","99","102","3.79","3.56","0.23","3.75","3.73"
"2014","TBR","8.84","2.96","2.98","0.89","23.4%","7.9%","15.6%",".231","1.21",".286","74.1%","96","97","96","3.56","3.56","0.00","3.62","3.41"
"2016","NYM","8.68","2.73","3.18","0.95","23.0%","7.2%","15.8%",".250","1.27",".308","75.6%","92","88","92","3.58","3.57","0.02","3.78","3.78"
"2014","LAA","8.15","3.06","2.66","0.76","21.7%","8.2%","13.6%",".233","1.22",".285","73.3%","98","97","100","3.58","3.57","0.01","3.78","3.63"
"2014","SFG","7.52","2.42","3.11","0.83","20.4%","6.5%","13.8%",".237","1.17",".282","72.7%","101","102","97","3.50","3.58","-0.07","3.59","3.52"
"2016","WSN","9.10","2.89","3.15","0.96","24.5%","7.8%","16.7%",".231","1.19",".288","75.0%","83","87","93","3.52","3.58","-0.06","3.82","3.72"
"2011","MIL","7.85","2.75","2.86","0.92","20.8%","7.3%","13.5%",".242","1.24",".288","73.2%","94","90","93","3.64","3.59","0.05","3.58","3.51"
"2014","DET","7.70","2.86","2.69","0.79","20.1%","7.5%","12.6%",".259","1.33",".312","70.7%","104","94","99","4.01","3.60","0.41","3.76","3.71"
"2018","LAD","9.54","2.57","3.71","1.09","25.7%","6.9%","18.8%",".228","1.15",".284","76.2%","88","90","86","3.40","3.60","-0.20","3.52","3.47"
"2014","SEA","8.16","2.87","2.84","0.85","22.0%","7.8%","14.3%",".227","1.17",".275","76.8%","86","97","94","3.17","3.61","-0.44","3.57","3.48"
"2011","LAD","7.95","3.19","2.50","0.83","21.1%","8.5%","12.6%",".236","1.25",".285","74.1%","98","95","97","3.56","3.61","-0.05","3.72","3.65"
"2016","LAD","9.35","2.87","3.25","1.02","25.1%","7.7%","17.4%",".230","1.19",".288","73.8%","93","89","91","3.70","3.61","0.09","3.75","3.63"
"2012","STL","7.49","2.68","2.79","0.82","19.8%","7.1%","12.7%",".250","1.27",".298","73.2%","96","94","95","3.71","3.62","0.09","3.72","3.74"
"2015","CLE","8.84","2.67","3.31","1.01","23.8%","7.2%","16.6%",".235","1.19",".288","72.8%","90","89","88","3.68","3.62","0.06","3.57","3.48"
"2012","DET","8.29","2.76","3.01","0.95","21.8%","7.2%","14.6%",".253","1.29",".307","72.7%","90","87","90","3.77","3.63","0.14","3.74","3.66"
"2018","NYY","10.10","3.05","3.31","1.09","26.6%","8.0%","18.6%",".235","1.24",".300","73.9%","88","84","85","3.78","3.63","0.14","3.61","3.53"
"2012","LAD","7.92","3.35","2.37","0.76","21.0%","8.9%","12.1%",".233","1.25",".283","74.8%","88","93","101","3.35","3.64","-0.28","3.93","3.92"
"2010","ATL","7.76","3.16","2.46","0.79","20.5%","8.3%","12.2%",".241","1.27",".290","73.4%","89","92","91","3.57","3.65","-0.08","3.65","3.62"
"2014","STL","7.59","2.92","2.60","0.76","20.1%","7.7%","12.4%",".239","1.24",".286","74.4%","97","100","102","3.50","3.65","-0.15","3.77","3.71"
"2019","TBR","9.90","2.77","3.58","1.10","26.6%","7.4%","19.2%",".229","1.17",".290","73.7%","83","83","85","3.67","3.65","0.02","3.89","3.83"
"2011","CHW","7.52","2.71","2.78","0.91","19.7%","7.1%","12.6%",".256","1.30",".303","71.3%","97","86","91","4.10","3.66","0.44","3.69","3.63"
"2009","ATL","7.58","3.26","2.32","0.73","19.8%","8.5%","11.3%",".249","1.32",".299","73.8%","86","87","92","3.57","3.66","-0.08","3.91","3.91"
"2015","HOU","7.99","2.64","3.03","0.92","21.5%","7.1%","14.4%",".238","1.20",".285","73.8%","92","91","92","3.57","3.66","-0.09","3.71","3.67"
"2010","SDP","8.00","3.20","2.50","0.86","21.4%","8.5%","12.8%",".237","1.25",".286","76.7%","92","95","92","3.41","3.66","-0.26","3.67","3.63"
"2008","LAD","7.49","2.98","2.51","0.76","19.7%","7.8%","11.8%",".247","1.29",".295","72.6%","88","86","87","3.68","3.67","0.02","3.77","3.75"
"2014","OAK","7.65","2.50","3.06","0.90","20.8%","6.8%","14.0%",".230","1.14",".272","75.9%","88","99","95","3.22","3.67","-0.45","3.60","3.52"
"2014","NYY","8.49","2.47","3.44","1.02","22.4%","6.5%","15.9%",".246","1.23",".298","73.3%","97","93","91","3.75","3.67","0.08","3.43","3.32"
"2017","LAD","9.65","2.75","3.50","1.15","26.1%","7.5%","18.7%",".225","1.15",".281","77.8%","82","86","86","3.38","3.67","-0.29","3.70","3.66"
"2013","MIA","7.26","3.24","2.24","0.75","19.1%","8.5%","10.6%",".246","1.30",".292","73.2%","101","101","105","3.71","3.69","0.02","3.96","3.94"
"2014","KCR","7.25","2.73","2.65","0.79","19.1%","7.2%","11.9%",".247","1.26",".292","73.9%","89","99","102","3.51","3.69","-0.19","3.88","3.81"
"2013","TBR","8.05","2.96","2.72","0.94","21.5%","7.9%","13.6%",".237","1.23",".284","73.6%","97","96","93","3.74","3.71","0.03","3.71","3.61"
"2012","PHI","8.59","2.54","3.39","1.10","22.8%","6.7%","16.1%",".247","1.24",".298","72.9%","98","93","92","3.86","3.72","0.14","3.61","3.51"
"2012","CIN","7.73","2.64","2.92","0.94","20.6%","7.1%","13.6%",".243","1.23",".288","76.9%","84","92","97","3.34","3.72","-0.38","3.80","3.74"
"2019","LAD","9.46","2.44","3.88","1.15","25.7%","6.6%","19.1%",".220","1.10",".271","74.7%","81","85","87","3.39","3.73","-0.33","3.87","3.87"
"2011","SDP","7.07","3.24","2.19","0.78","18.8%","8.6%","10.2%",".240","1.27",".283","74.5%","97","100","102","3.43","3.73","-0.30","3.93","3.91"
"2013","CLE","8.61","3.46","2.49","0.92","22.4%","9.0%","13.4%",".245","1.33",".302","74.2%","96","94","94","3.82","3.73","0.08","3.71","3.63"
"2010","SFG","8.20","3.56","2.30","0.83","21.6%","9.4%","12.2%",".231","1.27",".282","77.0%","87","97","99","3.36","3.74","-0.38","3.94","3.79"
"2012","ATL","7.67","2.89","2.66","0.90","20.6%","7.7%","12.8%",".239","1.23",".284","75.4%","87","98","97","3.42","3.74","-0.32","3.80","3.78"
"2011","STL","6.76","2.76","2.45","0.84","17.7%","7.2%","10.5%",".256","1.31",".296","71.6%","102","100","98","3.79","3.75","0.04","3.79","3.79"
"2014","NYM","8.01","3.13","2.56","0.87","21.1%","8.2%","12.9%",".244","1.28",".295","75.7%","100","101","100","3.49","3.75","-0.26","3.70","3.65"
"2016","SFG","8.07","2.71","2.98","0.97","21.6%","7.3%","14.4%",".240","1.21",".287","74.3%","91","96","97","3.69","3.76","-0.07","4.01","3.96"
"2010","LAD","7.95","3.36","2.36","0.84","20.7%","8.8%","12.0%",".239","1.29",".287","70.9%","105","96","97","4.01","3.76","0.25","3.87","3.76"
"2016","CHC","8.88","3.05","2.91","1.01","24.3%","8.3%","15.9%",".209","1.11",".255","77.5%","76","91","91","3.15","3.77","-0.62","3.74","3.76"
"2013","TEX","8.05","3.06","2.63","0.97","21.3%","8.1%","13.2%",".245","1.28",".293","75.5%","86","93","95","3.63","3.77","-0.14","3.75","3.68"
"2017","BOS","9.59","2.82","3.40","1.18","25.4%","7.5%","17.9%",".243","1.25",".303","75.7%","82","87","89","3.73","3.78","-0.04","3.91","3.77"
"2012","SFG","7.67","3.03","2.53","0.88","20.2%","8.0%","12.2%",".243","1.27",".289","73.6%","100","102","101","3.68","3.78","-0.10","3.95","3.90"
"2018","CLE","9.54","2.51","3.79","1.24","25.4%","6.7%","18.7%",".241","1.20",".298","76.0%","86","90","86","3.77","3.79","-0.01","3.66","3.54"
"2011","FLA","7.51","3.08","2.44","0.92","19.6%","8.1%","11.6%",".248","1.30",".292","71.5%","102","100","99","3.95","3.79","0.17","3.80","3.73"
"2013","NYM","7.37","2.79","2.64","0.93","19.3%","7.3%","12.0%",".251","1.29",".295","72.9%","106","100","102","3.78","3.79","0.00","3.86","3.79"
"2009","LAD","7.77","3.57","2.18","0.78","20.6%","9.4%","11.1%",".228","1.25",".275","74.9%","84","91","96","3.41","3.80","-0.38","4.07","3.98"
"2017","ARI","9.26","3.22","2.87","1.07","24.4%","8.5%","15.9%",".237","1.27",".294","74.2%","80","87","89","3.67","3.80","-0.12","3.86","3.92"
"2014","PIT","7.59","3.08","2.46","0.79","20.0%","8.1%","11.9%",".242","1.26",".290","74.2%","99","106","100","3.49","3.80","-0.31","3.71","3.64"
"2013","SFG","7.81","3.24","2.41","0.90","20.4%","8.5%","11.9%",".247","1.31",".295","72.1%","116","108","103","4.00","3.80","0.20","3.89","3.83"
"2010","CHW","7.15","3.05","2.34","0.85","18.6%","7.9%","10.7%",".260","1.36",".305","71.5%","94","87","94","4.09","3.80","0.30","3.94","3.91"
"2011","OAK","7.21","3.23","2.24","0.85","18.8%","8.4%","10.4%",".246","1.31",".289","72.1%","94","96","98","3.71","3.80","-0.09","3.98","3.90"
"2012","ARI","7.53","2.62","2.88","0.97","19.8%","6.9%","12.9%",".256","1.29",".301","72.0%","96","97","98","3.94","3.81","0.14","3.84","3.79"
"2007","SDP","6.89","2.87","2.40","0.72","18.2%","7.6%","10.6%",".245","1.27",".287","71.6%","92","88","92","3.72","3.81","-0.08","4.13","4.10"
"2008","TOR","7.37","2.91","2.54","0.83","19.5%","7.7%","11.8%",".240","1.24",".284","74.8%","80","87","91","3.49","3.81","-0.32","3.92","3.85"
"2013","CIN","7.91","2.66","2.98","1.04","21.3%","7.2%","14.2%",".232","1.17",".273","77.5%","89","98","98","3.38","3.81","-0.43","3.68","3.56"
"2014","PHI","7.69","3.19","2.41","0.82","20.0%","8.3%","11.7%",".246","1.31",".295","72.2%","105","101","104","3.81","3.81","-0.01","3.83","3.77"
"2018","TBR","8.83","3.11","2.84","1.02","23.7%","8.4%","15.4%",".227","1.20",".278","73.3%","91","94","94","3.75","3.82","-0.07","3.98","3.82"
"2009","STL","6.55","2.87","2.28","0.77","17.2%","7.6%","9.7%",".252","1.30",".292","73.2%","90","92","94","3.66","3.82","-0.16","4.00","4.01"
"2018","BOS","9.61","3.16","3.04","1.09","25.3%","8.3%","17.0%",".234","1.25",".294","75.8%","84","91","93","3.75","3.82","-0.07","3.92","3.72"
"2015","CHW","8.42","2.94","2.87","1.00","22.0%","7.7%","14.3%",".256","1.32",".311","72.9%","100","93","94","3.98","3.82","0.16","3.81","3.73"
"2012","MIL","8.68","3.25","2.67","1.05","22.4%","8.4%","14.0%",".256","1.36",".313","72.1%","104","94","95","4.22","3.82","0.40","3.73","3.70"
"2013","KCR","7.51","2.91","2.58","0.96","20.0%","7.8%","12.2%",".247","1.27",".290","76.9%","85","98","98","3.45","3.83","-0.38","3.90","3.82"
"2014","ARI","7.96","2.92","2.72","0.96","20.7%","7.6%","13.1%",".260","1.34",".312","70.3%","111","103","98","4.26","3.83","0.43","3.63","3.59"
"2010","COL","7.70","3.28","2.35","0.87","20.1%","8.5%","11.5%",".253","1.34",".302","70.8%","91","90","95","4.14","3.83","0.31","3.80","3.76"
"2011","WSN","6.51","2.96","2.20","0.80","17.1%","7.8%","9.3%",".250","1.30",".287","73.6%","94","100","105","3.58","3.83","-0.25","4.04","4.00"
"2018","PHI","9.12","3.11","2.93","1.06","23.9%","8.1%","15.7%",".245","1.29",".303","71.0%","103","91","95","4.15","3.83","0.31","3.87","3.82"
"2013","OAK","7.33","2.65","2.76","1.01","19.5%","7.1%","12.4%",".239","1.22",".276","74.8%","92","98","102","3.56","3.83","-0.28","4.05","3.85"
"2008","ARI","7.71","2.83","2.73","0.92","20.1%","7.4%","12.7%",".251","1.29",".297","70.9%","88","87","89","3.99","3.84","0.15","3.87","3.77"
"2013","BOS","8.01","3.24","2.47","0.97","21.1%","8.5%","12.5%",".245","1.30",".294","74.5%","90","99","98","3.79","3.84","-0.05","3.89","3.78"
"2011","SEA","6.83","2.74","2.50","0.91","18.1%","7.2%","10.8%",".248","1.26",".285","71.4%","102","98","97","3.91","3.84","0.07","3.92","3.86"
"2010","STL","6.77","2.95","2.29","0.82","17.8%","7.8%","10.1%",".252","1.30",".292","74.0%","91","98","97","3.57","3.85","-0.27","3.87","3.86"
"2009","SFG","8.10","3.63","2.23","0.87","21.3%","9.6%","11.8%",".231","1.28",".279","75.5%","86","93","94","3.55","3.85","-0.30","3.99","3.94"
"2016","HOU","8.56","2.78","3.08","1.11","22.6%","7.3%","15.3%",".253","1.29",".306","73.4%","101","92","91","4.06","3.85","0.21","3.87","3.83"
"2011","NYY","7.54","3.13","2.41","0.94","19.7%","8.2%","11.5%",".252","1.32",".297","75.0%","89","92","95","3.73","3.87","-0.13","3.84","3.75"
"2017","NYY","9.69","3.13","3.10","1.19","25.7%","8.3%","17.4%",".226","1.21",".280","74.5%","86","86","87","3.75","3.88","-0.13","3.82","3.78"
"2016","STL","8.02","2.95","2.72","0.99","20.9%","7.7%","13.2%",".254","1.32",".304","71.8%","100","95","94","4.08","3.88","0.19","3.88","3.95"
"2014","MIL","7.69","2.66","2.89","1.03","20.4%","7.1%","13.3%",".246","1.25",".289","74.0%","97","101","99","3.67","3.89","-0.22","3.65","3.60"
"2012","OAK","6.96","2.83","2.46","0.90","18.5%","7.5%","11.0%",".242","1.24",".279","75.4%","88","96","102","3.50","3.89","-0.39","4.20","4.11"
"2013","SEA","7.97","2.94","2.71","1.07","20.7%","7.6%","13.1%",".256","1.33",".303","70.7%","112","100","94","4.32","3.89","0.43","3.72","3.65"
"2010","HOU","7.57","3.43","2.21","0.88","19.5%","8.8%","10.6%",".257","1.39",".305","71.0%","103","97","99","4.09","3.89","0.20","3.97","3.92"
"2011","LAA","6.50","2.92","2.22","0.87","17.3%","7.8%","9.5%",".247","1.27",".282","74.5%","91","98","99","3.57","3.89","-0.32","4.01","4.00"
"2013","NYY","7.67","2.72","2.82","1.06","20.1%","7.1%","13.0%",".257","1.31",".302","74.6%","97","95","95","3.94","3.89","0.05","3.76","3.68"
"2012","MIA","6.95","3.09","2.25","0.83","18.0%","8.0%","10.0%",".257","1.35",".300","70.3%","106","103","106","4.10","3.89","0.21","4.17","4.16"
"2012","TEX","8.03","2.78","2.88","1.09","21.2%","7.4%","13.8%",".247","1.26",".292","71.5%","93","92","93","4.02","3.90","0.12","3.86","3.75"
"2017","HOU","9.91","3.25","3.05","1.20","26.1%","8.5%","17.5%",".238","1.27",".300","73.7%","97","90","86","4.12","3.91","0.21","3.77","3.75"
"2010","MIN","6.49","2.37","2.74","0.96","17.2%","6.3%","10.9%",".263","1.29",".299","73.4%","95","95","94","3.95","3.91","0.04","3.93","3.89"
"2016","CLE","8.71","2.87","3.03","1.16","23.2%","7.6%","15.5%",".240","1.24",".289","73.4%","88","91","89","3.86","3.91","-0.06","3.80","3.79"
"2015","TBR","8.39","2.95","2.84","1.08","22.3%","7.9%","14.5%",".237","1.23",".284","75.1%","96","99","97","3.74","3.91","-0.17","3.94","3.76"
"2018","ARI","8.91","3.21","2.77","1.07","23.6%","8.5%","15.1%",".236","1.25",".289","75.7%","91","97","94","3.73","3.91","-0.19","3.81","3.85"
"2015","SFG","7.26","2.69","2.70","0.97","19.4%","7.2%","12.2%",".243","1.23",".283","74.5%","100","106","103","3.73","3.92","-0.18","3.99","3.94"
"2010","FLA","7.31","3.44","2.13","0.84","18.8%","8.8%","10.0%",".255","1.38",".301","71.3%","100","100","103","4.09","3.92","0.18","4.11","4.01"
"2014","HOU","7.11","3.03","2.35","0.87","18.5%","7.9%","10.6%",".256","1.34",".299","70.3%","111","104","103","4.14","3.93","0.22","3.91","3.89"
"2014","BOS","7.45","2.96","2.52","0.95","19.5%","7.7%","11.7%",".256","1.32",".301","71.8%","100","105","102","4.01","3.93","0.08","3.87","3.81"
"2010","PHI","7.31","2.57","2.84","1.04","19.4%","6.8%","12.6%",".249","1.25",".289","75.3%","91","98","94","3.68","3.93","-0.24","3.75","3.67"
"2012","NYM","7.78","3.06","2.54","1.01","20.4%","8.0%","12.4%",".246","1.29",".290","71.1%","109","100","103","4.09","3.93","0.16","4.04","3.94"
"2015","SDP","8.70","3.22","2.70","1.07","22.9%","8.5%","14.4%",".248","1.31",".303","71.1%","110","103","95","4.09","3.93","0.16","3.71","3.68"
"2012","PIT","7.48","3.08","2.43","0.96","19.6%","8.0%","11.5%",".244","1.29",".286","72.6%","102","104","102","3.91","3.94","-0.03","3.97","3.95"
"2013","PHI","7.51","3.17","2.37","0.95","19.3%","8.1%","11.2%",".260","1.37",".306","70.5%","116","103","106","4.34","3.94","0.40","4.00","3.90"
"2011","DET","6.97","3.08","2.27","0.93","18.3%","8.1%","10.2%",".253","1.32",".292","71.1%","97","97","99","4.04","3.96","0.09","4.00","3.92"
"2014","BAL","7.23","2.91","2.49","0.93","19.2%","7.7%","11.5%",".241","1.24",".280","77.0%","88","101","103","3.44","3.96","-0.52","3.92","3.84"
"2013","COL","6.67","3.24","2.06","0.85","17.0%","8.3%","8.8%",".271","1.44",".314","70.2%","101","98","107","4.44","3.96","0.48","4.02","4.06"
"2008","NYY","7.12","3.05","2.33","0.89","18.5%","7.9%","10.6%",".262","1.36",".307","71.0%","99","92","94","4.28","3.96","0.32","4.08","3.99"
"2009","COL","7.22","3.30","2.19","0.88","18.7%","8.6%","10.1%",".255","1.36",".299","71.3%","92","89","94","4.24","3.96","0.27","3.99","4.02"
"2018","NYM","8.91","2.98","2.99","1.14","23.4%","7.8%","15.6%",".243","1.27",".295","73.0%","107","99","99","4.07","3.97","0.11","4.03","3.89"
"2014","TOR","7.48","3.06","2.45","0.94","19.5%","8.0%","11.5%",".250","1.31",".294","72.7%","103","103","105","4.00","3.97","0.04","3.99","3.86"
"2015","NYY","8.46","2.93","2.89","1.12","22.1%","7.7%","14.5%",".250","1.30",".300","73.8%","100","95","91","4.03","3.97","0.06","3.70","3.65"
"2018","STL","8.27","3.67","2.25","0.89","21.3%","9.5%","11.9%",".241","1.34",".293","73.0%","99","100","104","3.85","3.97","-0.12","4.24","4.26"
"2016","MIA","8.65","3.73","2.32","0.95","22.4%","9.7%","12.7%",".247","1.36",".303","74.0%","103","99","102","4.05","3.97","0.08","4.21","4.16"
"2014","MIN","6.47","2.56","2.53","0.92","16.6%","6.6%","10.0%",".276","1.39",".315","68.9%","118","104","109","4.58","3.97","0.60","4.12","4.05"
"2012","NYY","8.21","2.68","3.06","1.18","21.7%","7.1%","14.6%",".250","1.27",".296","75.1%","92","93","90","3.85","3.98","-0.12","3.75","3.64"
"2019","HOU","10.28","2.76","3.73","1.42","27.9%","7.5%","20.4%",".219","1.13",".270","76.8%","83","89","83","3.66","3.98","-0.31","3.80","3.77"
"2011","TEX","7.36","2.88","2.56","1.06","19.6%","7.7%","11.9%",".241","1.24",".278","72.5%","88","95","95","3.79","3.98","-0.19","3.83","3.74"
"2018","SFG","7.82","3.23","2.42","0.96","20.5%","8.5%","12.0%",".247","1.31",".293","72.3%","101","102","103","3.95","3.98","-0.03","4.20","4.23"
"2015","MIA","7.27","3.20","2.27","0.89","19.0%","8.4%","10.6%",".250","1.32",".294","72.3%","106","105","109","4.04","3.98","0.05","4.23","4.16"
"2018","ATL","8.79","3.92","2.24","0.95","23.1%","10.3%","12.8%",".226","1.28",".278","74.1%","92","99","102","3.75","3.99","-0.24","4.17","4.20"
"2006","MIN","7.28","2.23","3.27","1.14","19.2%","5.9%","13.3%",".263","1.28",".302","73.7%","88","91","87","3.95","3.99","-0.04","3.93","3.87"
"2017","WSN","9.06","3.08","2.94","1.18","24.0%","8.2%","15.9%",".236","1.24",".287","74.4%","88","91","95","3.88","3.99","-0.11","4.12","4.00"
"2008","CHW","7.08","2.84","2.49","0.96","18.4%","7.4%","11.0%",".258","1.32",".298","71.0%","91","88","93","4.11","4.00","0.11","4.01","3.96"
"2010","NYM","6.85","3.38","2.03","0.84","17.7%","8.7%","9.0%",".255","1.36",".296","74.9%","96","102","104","3.73","4.00","-0.27","4.14","4.11"
"2013","SDP","7.24","3.25","2.23","0.96","19.0%","8.5%","10.5%",".251","1.33",".292","72.5%","112","108","105","3.98","4.00","-0.02","3.96","3.94"
"2011","NYM","7.00","3.19","2.19","0.91","17.8%","8.1%","9.7%",".259","1.38",".299","71.2%","113","106","105","4.19","4.00","0.19","4.04","3.94"
"2016","BOS","8.51","3.06","2.78","1.10","22.4%","8.1%","14.4%",".243","1.27",".293","72.9%","91","95","99","4.00","4.00","0.00","4.20","4.02"
"2012","SEA","7.20","2.77","2.60","1.03","19.2%","7.4%","11.8%",".244","1.24",".282","74.2%","98","100","99","3.76","4.00","-0.24","4.09","4.00"
"2018","MIL","8.80","3.41","2.58","1.07","23.4%","9.0%","14.3%",".229","1.24",".279","74.4%","92","99","99","3.73","4.01","-0.27","4.04","4.00"
"2014","CIN","8.03","3.16","2.54","1.01","21.3%","8.4%","12.9%",".233","1.24",".277","76.5%","97","105","101","3.59","4.01","-0.42","3.75","3.67"
"2011","ARI","6.60","2.76","2.39","0.99","17.3%","7.2%","10.1%",".252","1.29",".286","73.9%","95","104","105","3.80","4.02","-0.22","4.05","3.98"
"2019","MIN","9.00","2.78","3.24","1.22","23.4%","7.2%","16.2%",".254","1.30",".309","71.8%","90","88","93","4.18","4.03","0.16","4.27","4.22"
"2011","TBR","7.10","3.13","2.27","1.00","19.0%","8.4%","10.6%",".231","1.22",".265","75.5%","92","102","99","3.58","4.03","-0.45","4.01","3.93"
"2006","LAA","7.21","2.92","2.47","0.98","18.9%","7.7%","11.3%",".251","1.29",".291","70.1%","89","91","95","4.04","4.03","0.01","4.28","4.16"
"2010","TOR","7.40","3.37","2.20","0.94","19.2%","8.7%","10.5%",".253","1.35",".297","71.2%","101","96","96","4.23","4.04","0.19","4.03","3.92"
"2015","KCR","7.19","3.03","2.37","0.96","19.0%","8.0%","11.0%",".246","1.28",".286","75.0%","92","102","105","3.74","4.04","-0.30","4.25","4.15"
"2013","ARI","7.33","2.92","2.51","1.06","19.2%","7.7%","11.6%",".252","1.30",".292","74.5%","101","107","102","3.92","4.04","-0.12","3.83","3.80"
"2016","TOR","8.10","2.84","2.85","1.13","21.5%","7.5%","14.0%",".240","1.23",".282","74.4%","90","95","95","3.79","4.04","-0.25","4.02","3.98"
"2011","BOS","7.49","3.33","2.25","0.96","19.4%","8.7%","10.8%",".243","1.31",".285","70.8%","99","102","102","4.20","4.05","0.15","4.13","3.88"
"2018","SEA","8.25","2.49","3.32","1.21","21.9%","6.6%","15.3%",".249","1.24",".295","72.5%","100","97","96","4.13","4.05","0.07","4.06","3.90"
"2015","LAA","7.63","2.91","2.62","1.04","20.0%","7.6%","12.4%",".244","1.26",".285","73.3%","102","102","105","3.94","4.06","-0.11","4.26","4.03"
"2019","CLE","9.44","2.82","3.35","1.30","25.1%","7.5%","17.6%",".238","1.22",".291","76.0%","80","89","94","3.79","4.06","-0.26","4.30","4.11"
"2018","PIT","8.38","3.12","2.69","1.09","21.7%","8.1%","13.7%",".247","1.31",".296","73.6%","101","100","102","4.00","4.06","-0.06","4.14","4.07"
"2018","COL","8.73","3.25","2.68","1.14","22.9%","8.5%","14.4%",".247","1.31",".299","71.3%","94","95","97","4.33","4.06","0.27","3.96","3.98"
"2007","CLE","6.44","2.52","2.55","0.90","16.9%","6.6%","10.3%",".265","1.32",".302","71.9%","92","94","95","4.05","4.06","-0.01","4.21","4.17"
"2011","CLE","6.34","2.87","2.21","0.95","16.4%","7.4%","9.0%",".259","1.34",".293","69.5%","108","102","101","4.24","4.06","0.18","4.09","4.02"
"2007","LAD","7.35","3.22","2.29","0.91","19.1%","8.4%","10.7%",".256","1.35",".301","70.9%","97","92","90","4.20","4.07","0.14","4.07","4.07"
"2013","LAA","7.41","3.29","2.25","1.03","19.1%","8.5%","10.6%",".258","1.38",".300","72.3%","112","107","103","4.24","4.08","0.16","4.10","4.01"
"2010","BOS","7.46","3.58","2.08","0.94","19.3%","9.3%","10.0%",".249","1.36",".292","70.8%","96","99","99","4.19","4.08","0.11","4.13","4.03"
"2010","TBR","7.36","2.96","2.49","1.08","19.5%","7.8%","11.7%",".241","1.26",".278","75.2%","96","101","96","3.78","4.09","-0.31","4.00","3.86"
"2008","CHC","7.84","3.40","2.31","0.99","20.4%","8.8%","11.6%",".238","1.29",".281","74.0%","86","93","96","3.87","4.09","-0.22","4.14","3.97"
"2008","BOS","7.37","3.41","2.16","0.91","19.2%","8.9%","10.3%",".246","1.33",".289","72.6%","89","97","98","4.01","4.09","-0.08","4.23","4.10"
"2017","STL","8.38","3.06","2.74","1.14","22.0%","8.0%","13.9%",".249","1.30",".298","73.6%","96","97","95","4.01","4.09","-0.08","4.12","4.13"
"2015","TOR","6.98","2.48","2.81","1.08","18.7%","6.6%","12.0%",".245","1.21",".278","72.7%","94","100","102","3.81","4.09","-0.28","4.14","4.02"
"2013","CHC","7.36","3.36","2.19","0.99","19.3%","8.8%","10.5%",".240","1.29",".279","72.8%","107","108","110","4.00","4.10","-0.10","4.13","4.03"
"2015","MIN","6.52","2.58","2.53","1.02","17.0%","6.7%","10.3%",".265","1.33",".300","72.8%","99","100","105","4.07","4.10","-0.02","4.23","4.20"
"2019","NYM","9.36","3.08","3.04","1.26","24.4%","8.0%","16.4%",".248","1.30",".304","73.1%","102","94","97","4.25","4.10","0.15","4.29","4.21"
"2014","CHW","7.20","3.48","2.07","0.87","18.4%","8.9%","9.5%",".261","1.41",".306","70.4%","112","105","109","4.30","4.10","0.20","4.11","4.04"
"2018","SDP","8.64","3.21","2.70","1.14","22.4%","8.3%","14.1%",".252","1.34",".305","71.1%","113","102","98","4.41","4.10","0.31","3.99","3.98"
"2007","LAA","7.25","2.99","2.42","0.95","18.8%","7.7%","11.0%",".263","1.36",".307","71.1%","94","93","96","4.23","4.10","0.13","4.26","4.13"
"2009","OAK","6.99","3.25","2.15","0.97","18.0%","8.4%","9.6%",".261","1.39",".302","70.3%","99","95","96","4.29","4.10","0.19","4.24","4.15"
"2010","CHC","7.94","3.79","2.10","0.96","20.1%","9.6%","10.5%",".250","1.40",".298","70.4%","103","102","102","4.24","4.11","0.14","4.08","3.96"
"2012","SDP","7.56","3.38","2.24","1.02","19.6%","8.8%","10.8%",".244","1.32",".284","71.8%","110","109","104","4.01","4.11","-0.10","4.05","4.02"
"2011","CHC","7.68","3.64","2.11","1.02","19.5%","9.3%","10.3%",".256","1.41",".301","71.3%","110","106","104","4.34","4.11","0.23","4.02","3.92"
"2010","LAA","7.02","3.51","2.00","0.92","18.1%","9.0%","9.0%",".252","1.37",".292","72.9%","101","101","102","4.04","4.11","-0.07","4.24","4.16"
"2009","CHC","7.92","3.65","2.17","1.00","20.6%","9.5%","11.1%",".240","1.32",".285","74.4%","88","96","98","3.84","4.11","-0.27","4.14","4.02"
"2015","BAL","7.73","3.03","2.55","1.09","20.3%","7.9%","12.3%",".253","1.32",".298","73.6%","100","98","100","4.05","4.11","-0.06","4.04","3.94"
"2008","LAA","6.86","2.83","2.42","0.99","18.0%","7.4%","10.5%",".258","1.32",".296","73.0%","93","96","96","4.00","4.12","-0.12","4.17","4.06"
"2010","CIN","7.00","3.25","2.16","0.98","18.3%","8.5%","9.8%",".250","1.33",".288","73.6%","98","100","103","4.02","4.12","-0.10","4.13","4.04"
"2013","MIL","7.02","2.91","2.41","1.09","18.4%","7.6%","10.8%",".251","1.29",".286","73.5%","99","105","105","3.84","4.12","-0.29","3.94","3.92"
"2010","WSN","6.70","3.21","2.09","0.95","17.2%","8.2%","8.9%",".260","1.38",".297","70.8%","103","103","103","4.13","4.12","0.01","4.13","4.09"
"2010","OAK","6.73","3.22","2.09","0.96","17.8%","8.5%","9.3%",".241","1.28",".274","75.1%","89","101","98","3.58","4.13","-0.54","4.08","4.07"
"2013","CHW","7.73","3.15","2.45","1.13","20.1%","8.2%","11.9%",".252","1.33",".295","73.1%","98","101","100","4.00","4.13","-0.13","3.98","3.84"
"2015","OAK","7.34","2.95","2.49","1.07","19.2%","7.7%","11.5%",".250","1.30",".289","71.0%","106","104","102","4.16","4.13","0.03","4.13","4.05"
"2006","LAD","6.58","3.03","2.17","0.94","17.0%","7.8%","9.2%",".265","1.38",".302","70.8%","96","92","95","4.23","4.13","0.10","4.29","4.27"
"2018","CHC","8.13","3.79","2.14","0.96","21.3%","9.9%","11.4%",".237","1.31",".284","76.2%","91","103","105","3.65","4.14","-0.49","4.29","4.32"
"2015","SEA","7.89","3.02","2.61","1.11","20.6%","7.9%","12.7%",".253","1.31",".298","72.8%","108","104","99","4.16","4.14","0.03","3.99","3.88"
"2007","BOS","7.19","3.02","2.38","0.94","18.9%","7.9%","11.0%",".244","1.27",".284","73.5%","83","96","96","3.87","4.14","-0.28","4.28","4.14"
"2019","WSN","9.45","3.23","2.92","1.26","24.6%","8.4%","16.2%",".241","1.29",".296","73.0%","96","92","97","4.28","4.14","0.13","4.32","4.25"
"2009","BOS","7.71","3.32","2.32","1.05","19.6%","8.4%","11.1%",".263","1.41",".309","73.0%","93","96","96","4.35","4.14","0.21","4.25","4.03"
"2010","DET","6.58","3.35","1.97","0.88","17.0%","8.7%","8.4%",".258","1.37",".296","70.6%","102","99","103","4.29","4.14","0.14","4.31","4.22"
"2018","WSN","8.82","3.03","2.91","1.23","23.3%","8.0%","15.3%",".239","1.25",".287","74.8%","99","101","102","4.04","4.15","-0.11","4.13","3.94"
"2009","FLA","7.77","3.74","2.08","1.00","19.8%","9.5%","10.3%",".252","1.40",".298","70.7%","101","99","99","4.32","4.15","0.17","4.18","4.09"
"2016","DET","7.76","2.91","2.67","1.15","20.4%","7.6%","12.7%",".256","1.32",".300","72.2%","101","97","102","4.24","4.16","0.09","4.31","4.16"
"2017","TBR","8.42","3.13","2.69","1.20","22.2%","8.2%","13.9%",".239","1.26",".283","73.0%","94","98","98","3.99","4.17","-0.18","4.29","4.20"
"2015","MIL","7.90","3.24","2.44","1.10","20.5%","8.4%","12.1%",".257","1.36",".303","72.1%","107","104","103","4.28","4.17","0.11","4.00","3.95"
"2010","TEX","7.30","3.41","2.14","1.00","19.0%","8.9%","10.1%",".242","1.31",".280","73.6%","89","96","100","3.93","4.17","-0.24","4.19","4.03"
"2015","BOS","7.57","2.97","2.55","1.11","19.6%","7.7%","11.9%",".261","1.36",".305","71.6%","104","105","102","4.34","4.17","0.17","4.14","4.02"
"2010","SEA","6.09","2.83","2.15","0.98","16.0%","7.4%","8.6%",".250","1.29",".279","71.4%","102","104","101","3.95","4.17","-0.22","4.23","4.22"
"2012","KCR","7.30","3.36","2.17","1.01","18.8%","8.7%","10.2%",".266","1.41",".311","72.4%","104","102","104","4.30","4.18","0.12","4.29","4.17"
"2018","OAK","7.60","2.91","2.61","1.13","20.3%","7.8%","12.5%",".234","1.21",".270","73.5%","93","102","100","3.82","4.18","-0.36","4.25","4.19"
"2008","OAK","6.65","3.61","1.84","0.85","17.4%","9.4%","7.9%",".249","1.35",".287","72.2%","95","99","105","4.01","4.19","-0.18","4.53","4.42"
"2016","NYY","8.78","2.80","3.14","1.35","23.1%","7.4%","15.8%",".246","1.26",".292","74.2%","98","95","91","4.16","4.20","-0.03","3.86","3.76"
"2017","CHC","8.95","3.44","2.60","1.21","23.6%","9.1%","14.5%",".236","1.28",".285","74.2%","91","97","95","3.95","4.20","-0.24","4.10","4.09"
"2012","BAL","7.14","2.92","2.45","1.12","18.7%","7.7%","11.1%",".249","1.29",".285","73.8%","93","98","100","3.90","4.20","-0.30","4.14","4.04"
"2011","PIT","6.40","3.32","1.93","0.94","16.3%","8.5%","7.9%",".265","1.41",".300","73.7%","109","112","109","4.05","4.20","-0.15","4.18","4.14"
"2009","ARI","7.20","3.26","2.21","1.04","18.5%","8.4%","10.1%",".258","1.38",".298","69.8%","100","97","98","4.44","4.20","0.24","4.17","4.11"
"2010","MIL","7.87","3.64","2.16","1.08","19.9%","9.2%","10.7%",".261","1.44",".308","70.0%","114","104","102","4.59","4.21","0.38","4.07","3.94"
"2009","CHW","7.00","3.17","2.21","1.06","18.2%","8.2%","9.9%",".256","1.35",".294","71.7%","90","91","95","4.16","4.21","-0.05","4.19","4.13"
"2015","ARI","7.46","3.07","2.43","1.12","19.4%","8.0%","11.4%",".254","1.33",".294","73.7%","98","107","105","4.05","4.21","-0.16","4.09","4.03"
"2008","KCR","6.75","3.21","2.11","0.99","17.5%","8.3%","9.2%",".260","1.38",".298","69.1%","101","98","101","4.50","4.21","0.29","4.36","4.26"
"2017","SFG","7.65","3.07","2.49","1.13","19.6%","7.9%","11.7%",".264","1.38",".308","71.1%","108","103","105","4.50","4.22","0.28","4.53","4.47"
"2019","SDP","9.27","2.91","3.19","1.35","23.9%","7.5%","16.4%",".248","1.30",".299","70.0%","109","96","97","4.63","4.22","0.41","4.29","4.17"
"2008","TBR","7.06","3.25","2.17","1.02","18.6%","8.6%","10.0%",".242","1.29",".277","74.0%","90","98","100","3.82","4.22","-0.41","4.35","4.18"
"2007","MIL","7.32","3.16","2.32","1.00","18.7%","8.1%","10.6%",".264","1.40",".308","70.2%","102","94","95","4.44","4.22","0.22","4.29","4.17"
"2014","TEX","7.00","3.19","2.20","1.01","17.9%","8.2%","9.8%",".268","1.41",".310","70.4%","113","110","112","4.49","4.22","0.27","4.26","4.11"
"2012","CHW","7.76","3.13","2.48","1.16","20.4%","8.2%","12.2%",".247","1.29",".288","75.2%","95","98","100","4.02","4.23","-0.21","4.12","3.96"
"2019","CIN","9.71","3.35","2.90","1.34","25.6%","8.8%","16.8%",".232","1.26",".286","73.7%","93","93","92","4.18","4.23","-0.05","4.10","4.15"
"2017","PIT","7.88","3.19","2.47","1.14","20.3%","8.2%","12.1%",".260","1.37",".306","73.2%","99","98","100","4.23","4.23","0.00","4.33","4.36"
"2013","MIN","6.11","2.84","2.15","1.04","15.7%","7.3%","8.4%",".276","1.41",".309","70.2%","113","107","108","4.55","4.23","0.32","4.28","4.22"
"2007","OAK","6.44","3.29","1.95","0.86","16.6%","8.5%","8.1%",".259","1.38",".296","69.4%","98","96","100","4.30","4.23","0.07","4.44","4.43"
"2015","CIN","7.75","3.37","2.30","1.10","20.0%","8.7%","11.3%",".253","1.36",".297","71.7%","110","107","107","4.35","4.24","0.11","4.14","4.08"
"2017","MIL","8.38","3.44","2.43","1.15","21.8%","9.0%","12.9%",".249","1.34",".298","74.8%","91","97","99","4.00","4.24","-0.24","4.26","4.27"
"2008","SFG","7.74","4.07","1.90","0.92","19.6%","10.3%","9.3%",".252","1.43",".300","71.4%","102","100","103","4.38","4.24","0.14","4.44","4.28"
"2011","COL","6.95","3.25","2.14","1.09","18.0%","8.4%","9.6%",".261","1.38",".298","70.6%","101","104","103","4.44","4.24","0.20","3.98","3.93"
"2016","OAK","7.46","2.91","2.56","1.16","19.3%","7.6%","11.8%",".259","1.34",".299","70.7%","110","102","101","4.51","4.24","0.27","4.28","4.21"
"2019","CHC","9.01","3.33","2.70","1.22","23.3%","8.6%","14.7%",".247","1.32",".300","74.1%","94","97","97","4.10","4.25","-0.15","4.29","4.34"
"2016","TBR","8.56","3.10","2.76","1.33","22.3%","8.1%","14.3%",".251","1.32",".297","74.2%","102","103","99","4.20","4.26","-0.06","4.22","4.03"
"2012","LAA","7.26","3.03","2.40","1.17","19.2%","8.0%","11.2%",".243","1.27",".277","72.6%","104","107","100","4.02","4.26","-0.24","4.15","4.07"
"2011","KCR","6.70","3.45","1.94","1.01","17.2%","8.9%","8.3%",".262","1.41",".299","71.5%","107","106","105","4.45","4.27","0.18","4.24","4.15"
"2006","HOU","7.11","2.94","2.42","1.12","18.7%","7.7%","10.9%",".251","1.30",".286","72.8%","92","93","92","4.09","4.27","-0.18","4.16","4.12"
"2012","HOU","7.40","3.41","2.17","1.09","18.8%","8.7%","10.1%",".264","1.43",".306","70.0%","116","108","106","4.57","4.27","0.30","4.15","4.10"
"2019","STL","8.72","3.40","2.57","1.19","23.1%","9.0%","14.1%",".235","1.27",".283","75.8%","90","98","98","3.82","4.27","-0.45","4.36","4.43"
"2006","SDP","6.75","2.88","2.34","1.08","17.8%","7.6%","10.2%",".245","1.27",".276","73.9%","94","98","97","3.88","4.27","-0.39","4.39","4.29"
"2016","CHW","7.90","3.24","2.44","1.15","20.5%","8.4%","12.1%",".254","1.34",".298","74.0%","99","100","103","4.12","4.27","-0.16","4.38","4.26"
"2007","TOR","6.63","2.98","2.23","0.98","17.5%","7.8%","9.6%",".248","1.29",".282","71.8%","89","96","94","4.00","4.28","-0.28","4.15","4.15"
"2019","BOS","9.99","3.70","2.70","1.32","25.5%","9.5%","16.1%",".249","1.38",".312","70.8%","97","95","96","4.70","4.28","0.42","4.39","4.24"
"2011","TOR","7.21","3.33","2.16","1.10","18.6%","8.6%","10.0%",".253","1.35",".290","71.6%","104","104","100","4.33","4.29","0.04","4.06","3.93"
"2007","SFG","6.54","3.67","1.78","0.82","16.8%","9.4%","7.4%",".255","1.40",".293","71.8%","94","97","102","4.20","4.30","-0.10","4.59","4.56"
"2008","PHI","6.71","3.31","2.03","0.99","17.4%","8.6%","8.8%",".256","1.36",".292","74.8%","90","98","97","3.89","4.30","-0.40","4.21","4.22"
"2013","TOR","7.49","3.10","2.42","1.21","19.3%","8.0%","11.3%",".255","1.34",".293","72.3%","105","107","102","4.26","4.30","-0.03","4.04","3.88"
"2008","MIN","6.14","2.50","2.45","1.13","16.0%","6.5%","9.5%",".271","1.35",".301","72.0%","97","102","99","4.18","4.30","-0.12","4.29","4.23"
"2009","SDP","7.36","3.74","1.97","1.04","18.9%","9.6%","9.3%",".253","1.40",".294","70.9%","114","105","101","4.37","4.30","0.08","4.29","4.20"
"2016","SEA","8.14","2.84","2.87","1.32","21.4%","7.5%","14.0%",".250","1.28",".292","74.9%","100","103","98","4.00","4.30","-0.30","4.17","4.03"
"2008","COL","6.48","3.50","1.85","0.92","16.4%","8.9%","7.6%",".270","1.46",".309","68.5%","102","95","100","4.77","4.30","0.47","4.32","4.32"
"2011","MIN","5.95","3.04","1.96","1.02","15.1%","7.7%","7.4%",".276","1.44",".307","69.1%","112","108","107","4.60","4.30","0.29","4.33","4.26"
"2016","PIT","7.64","3.31","2.31","1.12","19.6%","8.5%","11.1%",".262","1.40",".306","72.5%","104","105","103","4.22","4.30","-0.08","4.28","4.26"
"2017","TOR","8.43","3.37","2.50","1.25","21.7%","8.7%","13.0%",".255","1.37",".303","71.8%","101","97","99","4.42","4.31","0.11","4.36","4.27"
"2016","BAL","7.84","3.43","2.29","1.15","20.4%","8.9%","11.5%",".255","1.36",".299","73.7%","100","98","102","4.22","4.31","-0.10","4.34","4.28"
"2009","NYY","7.82","3.56","2.20","1.12","20.2%","9.2%","11.0%",".247","1.35",".290","71.9%","93","94","95","4.28","4.32","-0.04","4.17","4.02"
"2008","NYM","7.26","3.63","2.00","1.00","18.6%","9.3%","9.3%",".249","1.37",".289","73.6%","97","101","99","4.07","4.32","-0.24","4.26","4.20"
"2016","ATL","7.63","3.40","2.24","1.10","19.6%","8.8%","10.9%",".251","1.35",".293","70.2%","109","107","108","4.51","4.32","0.19","4.48","4.36"
"2006","DET","6.23","3.04","2.05","0.99","16.3%","8.0%","8.4%",".253","1.32",".284","74.1%","85","95","98","3.85","4.32","-0.47","4.43","4.43"
"2017","COL","7.95","3.33","2.39","1.19","20.6%","8.6%","11.9%",".260","1.38",".305","72.2%","91","94","98","4.51","4.32","0.19","4.26","4.31"
"2013","BAL","7.24","2.93","2.47","1.25","19.0%","7.7%","11.3%",".256","1.32",".291","74.6%","102","105","101","4.20","4.33","-0.13","3.99","3.91"
"2008","SDP","6.79","3.46","1.96","1.02","17.5%","8.9%","8.6%",".258","1.39",".294","70.9%","112","104","100","4.41","4.33","0.08","4.33","4.30"
"2008","CLE","6.18","2.78","2.22","1.06","16.0%","7.2%","8.8%",".270","1.37",".301","70.7%","104","102","99","4.46","4.33","0.13","4.28","4.25"
"2019","OAK","7.98","2.93","2.72","1.23","21.1%","7.8%","13.4%",".239","1.24",".278","75.1%","90","97","103","3.97","4.34","-0.37","4.72","4.57"
"2006","ARI","6.87","3.30","2.08","1.04","17.6%","8.5%","9.1%",".262","1.40",".299","70.4%","96","93","95","4.49","4.34","0.15","4.30","4.30"
"2006","CLE","5.99","2.71","2.21","1.05","15.3%","6.9%","8.4%",".277","1.41",".308","70.0%","98","98","99","4.43","4.34","0.09","4.47","4.45"
"2015","ATL","7.25","3.47","2.09","1.07","18.6%","8.9%","9.7%",".263","1.41",".305","71.4%","113","115","112","4.41","4.34","0.07","4.36","4.30"
"2010","NYY","7.20","3.37","2.14","1.12","18.9%","8.8%","10.1%",".245","1.31",".281","74.0%","95","100","99","4.06","4.34","-0.29","4.15","4.01"
"2015","TEX","6.83","3.17","2.16","1.07","17.6%","8.2%","9.4%",".259","1.36",".294","72.4%","101","106","108","4.25","4.34","-0.09","4.37","4.30"
"2008","MIL","6.86","3.26","2.10","1.08","17.9%","8.5%","9.4%",".251","1.33",".285","74.5%","91","100","96","3.87","4.34","-0.47","4.14","4.16"
"2016","PHI","8.14","2.92","2.79","1.33","21.1%","7.6%","13.5%",".260","1.35",".304","70.5%","112","103","102","4.64","4.34","0.30","4.21","4.10"
"2009","HOU","7.20","3.44","2.10","1.11","18.3%","8.8%","9.6%",".270","1.45",".311","72.0%","110","102","98","4.54","4.35","0.20","4.16","4.11"
"2009","TOR","7.33","3.42","2.14","1.12","18.8%","8.8%","10.0%",".266","1.42",".308","72.2%","100","98","94","4.47","4.35","0.12","4.13","4.08"
"2011","HOU","7.47","3.51","2.13","1.18","19.0%","8.9%","10.1%",".261","1.42",".301","70.8%","119","112","104","4.51","4.35","0.16","4.02","3.94"
"2008","ATL","6.72","3.66","1.84","0.97","17.2%","9.4%","7.8%",".256","1.41",".293","69.7%","106","102","97","4.47","4.35","0.11","4.20","4.24"
"2007","CHC","7.53","3.56","2.11","1.03","19.6%","9.3%","10.3%",".241","1.32",".281","73.6%","88","96","97","4.04","4.36","-0.31","4.36","4.23"
"2018","LAA","8.68","3.42","2.54","1.28","22.7%","8.9%","13.8%",".246","1.32",".294","74.1%","98","102","99","4.15","4.36","-0.21","4.18","4.07"
"2009","KCR","7.28","3.79","1.92","1.05","18.4%","9.6%","8.8%",".265","1.46",".307","68.0%","108","100","99","4.83","4.36","0.47","4.38","4.28"
"2009","PHI","7.13","3.02","2.36","1.17","18.4%","7.8%","10.6%",".260","1.35",".296","75.0%","98","102","100","4.16","4.36","-0.20","4.22","4.09"
"2008","FLA","7.07","3.67","1.92","1.01","18.0%","9.3%","8.6%",".253","1.40",".290","70.6%","103","103","102","4.44","4.37","0.07","4.42","4.31"
"2009","TBR","7.09","3.25","2.18","1.15","18.3%","8.4%","9.9%",".254","1.36",".289","71.2%","102","101","97","4.36","4.37","-0.01","4.30","4.18"
"2006","NYM","7.15","3.25","2.20","1.11","18.6%","8.4%","10.2%",".248","1.32",".284","72.5%","95","97","96","4.16","4.37","-0.21","4.34","4.25"
"2011","CIN","6.82","3.31","2.06","1.13","17.8%","8.6%","9.2%",".250","1.33",".282","73.7%","107","111","107","4.16","4.37","-0.21","4.11","4.03"
"2016","MIL","7.37","3.34","2.21","1.12","19.0%","8.6%","10.4%",".259","1.38",".300","73.1%","97","104","107","4.10","4.37","-0.27","4.42","4.38"
"2007","MIN","6.85","2.63","2.60","1.16","17.8%","6.8%","11.0%",".266","1.34",".301","72.9%","94","101","95","4.18","4.37","-0.20","4.22","4.12"
"2016","COL","7.70","3.44","2.24","1.14","19.4%","8.7%","10.7%",".270","1.45",".317","68.0%","102","99","102","4.92","4.38","0.54","4.23","4.25"
"2009","MIN","6.52","2.89","2.26","1.15","16.8%","7.4%","9.3%",".268","1.38",".301","72.0%","102","102","101","4.50","4.39","0.11","4.45","4.26"
"2019","ATL","8.64","3.40","2.54","1.26","22.3%","8.8%","13.5%",".253","1.36",".302","73.8%","94","100","100","4.20","4.39","-0.19","4.42","4.48"
"2006","MIL","7.23","3.24","2.23","1.12","18.4%","8.3%","10.2%",".259","1.38",".297","67.4%","107","97","97","4.83","4.39","0.44","4.40","4.28"
"2009","SEA","6.46","3.31","1.95","1.07","16.9%","8.7%","8.3%",".243","1.30",".272","73.4%","90","102","101","3.87","4.39","-0.52","4.46","4.38"
"2018","MIN","8.59","3.57","2.40","1.23","21.9%","9.1%","12.8%",".253","1.38",".302","72.4%","104","104","102","4.50","4.39","0.11","4.33","4.19"
"2016","SDP","7.64","3.56","2.15","1.14","19.6%","9.1%","10.5%",".254","1.38",".296","71.3%","110","107","107","4.44","4.40","0.05","4.42","4.37"
"2010","CLE","6.07","3.59","1.69","0.92","15.5%","9.2%","6.3%",".264","1.43",".297","71.4%","107","107","106","4.30","4.40","-0.10","4.41","4.37"
"2012","CLE","6.78","3.39","2.00","1.09","17.3%","8.6%","8.6%",".264","1.42",".300","67.6%","120","107","106","4.79","4.40","0.39","4.39","4.30"
"2008","STL","5.92","3.07","1.93","1.01","15.3%","7.9%","7.4%",".265","1.38",".295","72.9%","101","104","101","4.20","4.40","-0.20","4.37","4.39"
"2019","ARI","8.77","3.17","2.77","1.35","22.9%","8.3%","14.6%",".248","1.31",".295","74.0%","96","100","100","4.25","4.40","-0.16","4.42","4.39"
"2015","PHI","7.22","3.06","2.36","1.20","18.2%","7.7%","10.5%",".275","1.45",".316","71.1%","120","110","110","4.69","4.40","0.29","4.29","4.17"
"2012","BOS","7.33","3.30","2.22","1.19","18.9%","8.5%","10.4%",".258","1.37",".296","69.6%","111","109","101","4.72","4.41","0.31","4.16","4.08"
"2006","NYY","6.35","3.09","2.05","1.06","16.4%","8.0%","8.4%",".258","1.36",".289","70.3%","97","98","102","4.43","4.42","0.01","4.61","4.48"
"2016","KCR","8.04","3.23","2.49","1.29","20.8%","8.4%","12.5%",".256","1.35",".298","75.4%","99","106","102","4.21","4.42","-0.21","4.33","4.19"
"2007","SEA","6.40","3.43","1.87","0.92","16.2%","8.6%","7.5%",".277","1.48",".315","69.3%","109","101","104","4.77","4.42","0.35","4.62","4.53"
"2006","OAK","6.22","3.28","1.90","1.00","16.0%","8.4%","7.5%",".268","1.41",".301","73.4%","95","98","103","4.22","4.42","-0.21","4.67","4.60"
"2017","LAA","8.20","2.94","2.79","1.40","21.8%","7.8%","14.0%",".249","1.28",".289","74.9%","98","101","100","4.20","4.43","-0.23","4.37","4.21"
"2014","COL","6.75","3.34","2.02","1.09","17.2%","8.5%","8.7%",".270","1.44",".307","69.2%","113","111","109","4.86","4.43","0.43","4.04","4.05"
"2017","KCR","7.61","3.25","2.34","1.23","19.6%","8.3%","11.2%",".262","1.39",".303","70.9%","104","103","107","4.63","4.43","0.20","4.68","4.51"
"2006","TEX","6.11","3.12","1.96","1.02","15.6%","8.0%","7.6%",".275","1.44",".307","70.6%","97","96","100","4.61","4.44","0.17","4.50","4.47"
"2010","PIT","6.54","3.43","1.91","1.06","16.3%","8.5%","7.7%",".275","1.49",".311","67.4%","128","113","109","5.00","4.45","0.56","4.35","4.25"
"2007","ATL","6.83","3.32","2.06","1.06","17.7%","8.6%","9.1%",".254","1.36",".288","72.4%","94","100","95","4.11","4.45","-0.34","4.29","4.28"
"2009","LAA","6.61","3.26","2.03","1.12","17.0%","8.4%","8.6%",".267","1.41",".301","72.4%","101","102","101","4.45","4.45","0.00","4.46","4.33"
"2015","DET","6.84","3.04","2.25","1.20","17.8%","7.9%","9.9%",".264","1.37",".298","69.7%","114","109","108","4.64","4.46","0.18","4.36","4.29"
"2007","NYM","7.03","3.53","1.99","1.02","18.0%","9.1%","9.0%",".250","1.37",".287","71.4%","99","100","101","4.27","4.46","-0.19","4.52","4.39"
"2019","MIL","9.23","3.52","2.63","1.39","23.9%","9.1%","14.8%",".243","1.33",".292","73.1%","100","101","100","4.40","4.46","-0.06","4.42","4.37"
"2012","CHC","7.18","3.65","1.97","1.11","18.4%","9.3%","9.0%",".254","1.39",".291","71.3%","112","114","112","4.51","4.46","0.05","4.39","4.32"
"2019","NYY","9.57","3.16","3.03","1.55","25.0%","8.3%","16.7%",".246","1.30",".296","75.2%","93","95","93","4.31","4.47","-0.16","4.27","4.15"
"2010","KCR","6.48","3.45","1.88","1.10","16.3%","8.7%","7.6%",".271","1.46",".304","68.6%","119","109","106","4.97","4.48","0.49","4.41","4.32"
"2009","PIT","5.83","3.57","1.63","0.96","15.0%","9.2%","5.8%",".269","1.45",".300","70.6%","111","107","109","4.59","4.48","0.11","4.63","4.65"
"2009","TEX","6.37","3.33","1.91","1.07","16.5%","8.6%","7.9%",".257","1.37",".288","72.1%","93","98","102","4.38","4.49","-0.10","4.50","4.40"
"2006","BOS","6.68","3.18","2.10","1.13","17.0%","8.1%","8.9%",".275","1.44",".311","69.8%","102","102","99","4.83","4.50","0.33","4.50","4.39"
"2009","NYM","6.51","3.89","1.67","1.00","16.4%","9.8%","6.6%",".259","1.45",".292","71.8%","110","108","110","4.46","4.50","-0.04","4.66","4.57"
"2016","ARI","8.17","3.74","2.19","1.25","20.5%","9.4%","11.1%",".271","1.49",".320","68.7%","116","108","105","5.09","4.50","0.59","4.34","4.30"
"2017","ATL","7.86","3.65","2.15","1.20","19.9%","9.3%","10.7%",".259","1.42",".302","70.1%","107","105","108","4.72","4.51","0.22","4.67","4.57"
"2006","TOR","6.78","3.18","2.13","1.17","17.5%","8.2%","9.3%",".259","1.37",".292","71.7%","95","98","95","4.37","4.51","-0.13","4.30","4.28"
"2006","COL","5.92","3.44","1.72","0.96","15.1%","8.8%","6.3%",".272","1.45",".304","69.5%","95","95","103","4.66","4.51","0.15","4.68","4.68"
"2007","NYY","6.26","3.59","1.75","0.93","16.0%","9.2%","6.8%",".264","1.43",".299","70.6%","100","102","106","4.50","4.51","-0.01","4.70","4.62"
"2007","ARI","6.80","3.41","1.99","1.06","17.5%","8.8%","8.7%",".258","1.38",".293","72.7%","88","98","98","4.13","4.52","-0.38","4.42","4.37"
"2007","COL","5.91","3.08","1.92","1.00","15.4%","8.0%","7.4%",".261","1.36",".290","71.1%","90","97","100","4.32","4.52","-0.20","4.48","4.48"
"2006","SFG","6.24","3.68","1.70","0.96","15.9%","9.4%","6.6%",".255","1.40",".287","69.1%","103","102","107","4.64","4.52","0.12","4.82","4.75"
"2006","PIT","6.65","3.89","1.71","0.98","16.7%","9.8%","6.9%",".273","1.51",".312","71.3%","103","102","101","4.55","4.53","0.02","4.59","4.60"
"2009","DET","6.85","3.69","1.86","1.13","17.7%","9.5%","8.1%",".259","1.41",".293","73.2%","96","102","101","4.34","4.53","-0.18","4.45","4.38"
"2018","TOR","8.15","3.46","2.36","1.31","20.7%","8.8%","11.9%",".261","1.41",".306","70.0%","114","106","107","4.85","4.53","0.32","4.54","4.31"
"2008","HOU","6.91","3.11","2.23","1.24","17.9%","8.0%","9.8%",".260","1.36",".293","72.8%","104","104","98","4.39","4.53","-0.14","4.24","4.14"
"2008","CIN","7.66","3.48","2.20","1.25","19.3%","8.8%","10.5%",".269","1.46",".312","72.5%","103","102","97","4.55","4.54","0.01","4.18","4.05"
"2007","KCR","6.22","3.26","1.91","1.05","15.9%","8.3%","7.6%",".272","1.44",".304","71.0%","98","103","104","4.50","4.55","-0.05","4.61","4.55"
"2019","SFG","8.38","3.18","2.64","1.39","21.9%","8.3%","13.6%",".246","1.30",".286","72.6%","103","108","103","4.38","4.55","-0.17","4.58","4.52"
"2006","CHW","6.29","2.69","2.34","1.24","16.2%","6.9%","9.3%",".267","1.36",".295","70.5%","97","96","100","4.61","4.56","0.05","4.50","4.41"
"2015","COL","7.02","3.65","1.92","1.15","17.6%","9.2%","8.4%",".278","1.51",".318","69.9%","112","110","111","5.04","4.56","0.48","4.33","4.32"
"2007","CHW","6.34","3.12","2.03","1.09","16.1%","7.9%","8.2%",".271","1.43",".304","68.2%","103","98","102","4.77","4.56","0.21","4.54","4.47"
"2017","PHI","8.18","3.29","2.48","1.38","21.0%","8.5%","12.5%",".261","1.39",".304","73.0%","105","103","104","4.57","4.56","0.00","4.50","4.37"
"2017","OAK","7.56","3.16","2.39","1.32","19.5%","8.1%","11.4%",".258","1.36",".294","68.9%","111","107","103","4.67","4.57","0.11","4.54","4.46"
"2018","MIA","7.80","3.78","2.06","1.20","20.0%","9.7%","10.3%",".250","1.38",".290","69.9%","125","116","115","4.76","4.57","0.20","4.65","4.51"
"2016","MIN","7.43","2.99","2.49","1.38","18.9%","7.6%","11.3%",".279","1.45",".319","68.3%","118","106","104","5.09","4.57","0.52","4.42","4.32"
"2010","BAL","6.31","3.26","1.94","1.17","16.1%","8.3%","7.8%",".265","1.41",".294","71.3%","108","105","106","4.59","4.57","0.02","4.44","4.32"
"2016","TEX","7.20","3.33","2.16","1.25","18.7%","8.6%","10.0%",".257","1.37",".292","72.8%","97","104","106","4.38","4.58","-0.19","4.49","4.44"
"2018","DET","7.67","3.10","2.47","1.36","19.8%","8.0%","11.8%",".255","1.34",".291","70.5%","106","106","107","4.60","4.59","0.01","4.55","4.35"
"2006","SEA","6.64","3.48","1.91","1.14","17.0%","8.9%","8.1%",".264","1.42",".297","71.1%","105","103","102","4.60","4.59","0.01","4.61","4.53"
"2012","COL","7.24","3.58","2.02","1.25","17.9%","8.9%","9.1%",".284","1.55",".325","68.9%","113","109","109","5.22","4.59","0.63","4.28","4.22"
"2017","NYM","8.62","3.72","2.32","1.38","21.5%","9.3%","12.2%",".268","1.49",".319","70.4%","123","108","102","5.01","4.59","0.42","4.42","4.37"
"2006","FLA","6.83","3.91","1.75","1.04","17.3%","9.9%","7.4%",".262","1.46",".299","72.0%","100","103","104","4.37","4.59","-0.22","4.72","4.62"
"2008","SEA","6.37","3.93","1.62","1.01","16.0%","9.8%","6.1%",".271","1.51",".307","70.7%","113","109","107","4.73","4.59","0.13","4.64","4.58"
"2016","LAA","7.19","3.15","2.28","1.32","18.6%","8.1%","10.4%",".266","1.39",".301","75.0%","105","110","110","4.28","4.62","-0.34","4.66","4.48"
"2009","CIN","6.60","3.56","1.85","1.16","17.1%","9.2%","7.9%",".253","1.37",".283","74.4%","98","106","106","4.18","4.63","-0.45","4.50","4.42"
"2006","PHI","7.01","3.16","2.22","1.30","17.9%","8.0%","9.8%",".270","1.42",".304","71.9%","100","100","95","4.61","4.65","-0.04","4.33","4.27"
"2006","ATL","6.55","3.57","1.83","1.14","16.5%","9.0%","7.5%",".267","1.46",".300","71.1%","102","103","100","4.60","4.65","-0.05","4.53","4.53"
"2007","PIT","6.20","3.22","1.92","1.08","15.6%","8.1%","7.5%",".281","1.48",".315","69.5%","113","105","102","4.94","4.66","0.29","4.60","4.51"
"2012","TOR","7.12","3.58","1.99","1.27","18.4%","9.2%","9.1%",".258","1.39",".291","72.0%","110","110","104","4.64","4.66","-0.01","4.30","4.24"
"2007","STL","5.92","3.19","1.86","1.05","15.0%","8.1%","6.9%",".266","1.41",".293","68.1%","108","106","104","4.67","4.66","0.01","4.67","4.59"
"2012","MIN","5.90","2.91","2.03","1.24","15.2%","7.5%","7.7%",".270","1.39",".294","68.8%","116","114","108","4.77","4.66","0.11","4.46","4.40"
"2018","KCR","7.27","3.45","2.11","1.29","18.4%","8.7%","9.7%",".271","1.46",".309","70.6%","113","112","109","4.95","4.66","0.28","4.63","4.56"
"2013","HOU","6.78","3.85","1.76","1.19","17.0%","9.7%","7.3%",".269","1.49",".303","70.0%","120","116","113","4.79","4.67","0.13","4.48","4.38"
"2007","DET","6.51","3.52","1.85","1.08","16.5%","8.9%","7.6%",".262","1.43",".295","70.7%","101","104","103","4.58","4.67","-0.09","4.59","4.50"
"2011","BAL","6.49","3.33","1.95","1.31","16.5%","8.4%","8.0%",".273","1.45",".302","69.5%","117","111","106","4.92","4.67","0.25","4.29","4.18"
"2017","SDP","8.34","3.49","2.39","1.42","21.5%","9.0%","12.5%",".256","1.38",".299","71.1%","112","109","100","4.70","4.68","0.02","4.34","4.29"
"2018","CIN","7.86","3.32","2.36","1.42","20.0%","8.5%","11.6%",".262","1.40",".300","71.5%","113","112","105","4.65","4.68","-0.03","4.28","4.28"
"2017","MIA","7.50","3.91","1.92","1.20","19.0%","9.9%","9.1%",".258","1.44",".298","70.7%","116","112","113","4.82","4.69","0.13","4.90","4.77"
"2007","CIN","6.63","2.99","2.22","1.23","16.8%","7.6%","9.2%",".277","1.44",".310","69.4%","108","101","100","4.95","4.69","0.26","4.52","4.37"
"2006","CIN","6.56","2.89","2.27","1.33","16.7%","7.3%","9.3%",".272","1.41",".301","72.1%","99","100","99","4.53","4.69","-0.16","4.47","4.39"
"2017","SEA","7.77","3.06","2.54","1.48","20.3%","8.0%","12.3%",".250","1.31",".283","72.7%","106","109","106","4.46","4.70","-0.25","4.64","4.43"
"2007","TBD","7.52","3.58","2.10","1.25","18.6%","8.9%","9.8%",".286","1.55",".331","66.8%","124","107","100","5.53","4.70","0.83","4.47","4.28"
"2008","WSN","6.67","3.69","1.81","1.19","16.8%","9.3%","7.5%",".264","1.45",".296","70.1%","109","108","104","4.66","4.71","-0.05","4.49","4.42"
"2017","MIN","7.31","3.03","2.41","1.40","18.8%","7.8%","11.0%",".263","1.37",".296","72.5%","104","107","108","4.60","4.71","-0.11","4.75","4.55"
"2017","DET","7.62","3.41","2.23","1.38","19.1%","8.5%","10.5%",".278","1.50",".320","68.7%","121","106","111","5.36","4.73","0.64","4.87","4.65"
"2009","CLE","6.19","3.75","1.65","1.15","15.5%","9.4%","6.1%",".275","1.51",".305","68.9%","115","108","106","5.07","4.73","0.35","4.69","4.62"
"2007","HOU","6.81","3.13","2.17","1.27","17.3%","7.9%","9.3%",".268","1.42",".300","71.7%","107","104","99","4.70","4.73","-0.03","4.44","4.31"
"2018","CHW","7.89","4.09","1.93","1.23","19.9%","10.3%","9.6%",".251","1.43",".292","69.4%","115","110","115","4.85","4.73","0.12","4.88","4.63"
"2010","ARI","6.72","3.44","1.95","1.32","17.1%","8.8%","8.3%",".266","1.43",".296","70.1%","113","117","109","4.81","4.76","0.05","4.35","4.25"
"2006","STL","6.11","3.17","1.92","1.21","15.7%","8.1%","7.5%",".263","1.38",".288","72.5%","104","108","100","4.54","4.77","-0.23","4.54","4.51"
"2007","FLA","7.12","4.12","1.73","1.10","17.5%","10.1%","7.4%",".278","1.58",".321","69.4%","112","108","104","4.96","4.77","0.18","4.69","4.55"
"2019","PIT","9.02","3.65","2.47","1.51","22.6%","9.1%","13.4%",".264","1.45",".315","68.9%","120","108","106","5.19","4.78","0.41","4.72","4.54"
"2007","BAL","6.80","4.35","1.56","1.01","16.9%","10.8%","6.1%",".264","1.52",".302","68.4%","114","104","107","5.19","4.78","0.40","4.78","4.69"
"2008","DET","6.17","4.01","1.54","1.07","15.5%","10.0%","5.4%",".270","1.51",".302","69.4%","112","110","112","4.91","4.79","0.12","4.86","4.73"
"2018","TEX","7.05","3.09","2.28","1.40","18.0%","7.9%","10.1%",".267","1.40",".299","69.6%","106","109","108","4.92","4.79","0.13","4.59","4.48"
"2009","WSN","5.76","3.97","1.45","1.09","14.3%","9.9%","4.4%",".270","1.52",".296","67.9%","120","113","113","5.02","4.82","0.19","4.80","4.79"
"2019","TOR","8.32","3.77","2.21","1.42","21.1%","9.6%","11.5%",".257","1.43",".300","71.8%","104","104","106","4.79","4.82","-0.03","4.88","4.73"
"2006","TBD","6.20","3.84","1.62","1.14","15.4%","9.5%","5.9%",".280","1.55",".312","70.1%","111","107","109","4.97","4.83","0.14","4.91","4.80"
"2007","TEX","6.14","4.20","1.46","0.98","15.3%","10.5%","4.8%",".270","1.53",".303","69.4%","102","106","108","4.76","4.83","-0.07","4.82","4.78"
"2008","TEX","6.01","3.90","1.54","1.10","14.8%","9.6%","5.2%",".284","1.58",".315","65.6%","119","109","111","5.37","4.83","0.53","4.82","4.70"
"2008","PIT","5.96","4.06","1.47","1.09","14.8%","10.1%","4.7%",".280","1.57",".311","69.5%","120","113","110","5.10","4.84","0.26","4.74","4.75"
"2019","TEX","8.63","3.65","2.37","1.51","21.7%","9.2%","12.5%",".266","1.46",".312","70.5%","101","101","105","5.09","4.84","0.25","4.82","4.65"
"2009","MIL","6.92","3.81","1.82","1.30","17.4%","9.6%","7.8%",".264","1.47",".295","71.9%","117","114","107","4.84","4.84","0.00","4.54","4.40"
"2019","DET","8.59","3.37","2.55","1.57","21.6%","8.5%","13.1%",".271","1.46",".317","68.8%","112","104","104","5.26","4.84","0.42","4.75","4.56"
"2007","PHI","6.48","3.44","1.88","1.22","16.4%","8.7%","7.7%",".270","1.45",".301","71.5%","105","106","101","4.76","4.86","-0.10","4.52","4.48"
"2017","TEX","6.95","3.51","1.98","1.34","17.8%","9.0%","8.8%",".259","1.40",".289","70.9%","98","107","111","4.70","4.88","-0.18","4.89","4.80"
"2006","CHC","7.82","4.30","1.82","1.31","19.6%","10.8%","8.8%",".249","1.45",".286","70.9%","102","105","101","4.74","4.88","-0.14","4.58","4.44"
"2019","PHI","8.62","3.38","2.55","1.60","22.2%","8.7%","13.5%",".257","1.37",".298","74.7%","103","107","103","4.53","4.88","-0.35","4.55","4.52"
"2019","CHW","8.36","3.71","2.25","1.52","21.3%","9.4%","11.9%",".260","1.43",".302","71.3%","108","105","105","4.91","4.89","0.01","4.81","4.72"
"2019","MIA","8.59","3.83","2.24","1.47","22.1%","9.8%","12.2%",".242","1.35",".281","72.1%","114","114","114","4.74","4.89","-0.16","5.06","4.75"
"2019","KCR","7.77","3.68","2.11","1.40","19.5%","9.2%","10.3%",".270","1.48",".311","70.2%","110","109","109","5.20","4.90","0.30","4.98","4.89"
"2007","WSN","5.79","3.61","1.61","1.16","14.7%","9.2%","5.5%",".263","1.44",".286","72.0%","107","114","110","4.58","4.92","-0.34","4.93","4.83"
"2017","BAL","7.70","3.62","2.13","1.51","19.6%","9.2%","10.4%",".266","1.45",".302","72.2%","112","108","107","4.97","4.96","0.01","4.72","4.59"
"2006","WSN","6.02","3.66","1.64","1.21","14.9%","9.1%","5.9%",".267","1.48",".292","69.0%","117","114","112","5.03","4.97","0.06","5.08","4.85"
"2018","BAL","7.57","3.70","2.04","1.47","19.0%","9.3%","9.7%",".273","1.50",".310","70.0%","121","113","112","5.19","4.98","0.21","4.73","4.57"
"2019","SEA","7.75","3.16","2.45","1.63","19.8%","8.1%","11.7%",".260","1.38",".291","68.4%","112","111","106","5.00","5.00","0.00","4.85","4.70"
"2009","BAL","5.88","3.44","1.71","1.37","14.7%","8.6%","6.1%",".283","1.52",".307","70.3%","113","109","108","5.16","5.03","0.14","4.78","4.64"
"2019","LAA","8.76","3.59","2.44","1.67","22.3%","9.2%","13.2%",".252","1.38",".290","70.9%","111","109","105","5.12","5.04","0.07","4.80","4.56"
"2017","CIN","8.18","3.97","2.06","1.56","20.7%","10.0%","10.6%",".259","1.45",".296","71.1%","116","115","108","5.17","5.08","0.09","4.66","4.56"
"2006","BAL","6.44","3.89","1.66","1.37","16.1%","9.7%","6.4%",".279","1.54",".307","69.2%","116","109","106","5.35","5.09","0.26","4.80","4.74"
"2008","BAL","5.84","4.35","1.34","1.16","14.4%","10.7%","3.7%",".272","1.56",".298","70.1%","116","114","116","5.15","5.14","0.02","5.04","4.91"
"2017","CHW","7.55","4.00","1.89","1.53","19.2%","10.2%","9.0%",".252","1.42",".281","72.4%","112","116","114","4.78","5.17","-0.39","5.01","4.82"
"2019","COL","7.85","3.66","2.15","1.68","19.7%","9.2%","10.5%",".273","1.49",".308","68.5%","111","112","107","5.58","5.23","0.35","4.75","4.80"
"2016","CIN","7.75","3.97","1.95","1.61","19.5%","10.0%","9.5%",".259","1.45",".290","72.8%","116","123","116","4.91","5.24","-0.32","4.79","4.58"
"2006","KCR","5.70","4.02","1.42","1.34","14.1%","9.9%","4.1%",".287","1.60",".311","67.1%","124","118","112","5.67","5.29","0.39","5.09","5.01"
"2019","BAL","7.78","3.50","2.22","1.90","19.5%","8.8%","10.7%",".268","1.46",".295","68.5%","123","117","114","5.67","5.56","0.10","5.23","4.88"
